# 3ds Max Wavefront OBJ Exporter v0.97b - (c)2007 guruware
# File Created: 08.06.2016 14:18:31

mtllib 4.mtl

#
# object 10_____011
#

v  -467.6319 1165.7998 433.4922
v  -467.6319 1167.1782 437.7648
v  -467.6319 1167.1782 442.2358
v  -467.6319 1165.7998 446.5084
v  -467.6319 1135.9778 444.4217
v  -467.6319 1135.1418 440.0003
v  -467.6319 1135.9778 435.5789
v  -467.6319 1138.4109 448.4494
v  -467.6319 1138.4109 431.5512
v  -467.6319 1140.1699 449.9609
v  -467.6319 1140.1699 430.0381
v  -467.6319 1141.8839 451.7282
v  -467.6319 1141.8839 428.2739
v  -467.6319 1145.9337 453.9638
v  -467.6319 1145.9337 426.0368
v  -467.6319 1150.4929 454.9575
v  -467.6319 1150.4929 425.0415
v  -467.6319 1155.1561 454.6242
v  -467.6319 1155.1561 425.3764
v  -467.6319 1159.5093 452.9902
v  -467.6319 1159.5093 427.0088
v  -467.6319 1163.1654 450.2028
v  -467.6319 1163.1654 429.7978
v  -467.6319 972.6122 440.0003
v  -467.6319 971.8576 444.4217
v  -467.6319 969.6611 448.4494
v  -467.6319 966.2178 451.7282
v  -467.6319 961.8336 453.9638
v  -467.6319 956.8981 454.9575
v  -467.6319 951.8499 454.6242
v  -467.6319 947.1373 452.9902
v  -467.6319 943.1793 450.2028
v  -467.6319 940.3276 446.5084
v  -467.6319 938.8354 442.2358
v  -467.6319 938.8354 437.7648
v  -467.6319 940.3276 433.4922
v  -467.6319 943.1793 429.7978
v  -467.6319 947.1373 427.0088
v  -467.6319 951.8499 425.3764
v  -467.6319 956.8981 425.0415
v  -467.6319 961.8336 426.0368
v  -467.6319 966.2178 428.2739
v  -467.6319 969.6611 431.5512
v  -467.6319 971.8576 435.5789
v  -490.0515 1117.5474 440.0003
v  -490.5429 1117.9976 444.4217
v  -506.9644 1091.6272 440.0003
v  -507.5744 1091.8955 444.4217
v  -514.6492 1061.6460 440.0003
v  -515.3127 1061.7041 444.4217
v  -512.2874 1030.7860 440.0003
v  -512.9353 1030.6276 444.4217
v  -500.1322 1002.3226 440.0003
v  -500.6942 1001.9647 444.4217
v  -479.4731 979.2772 440.0003
v  -479.8901 978.7574 444.4217
v  -491.9731 1119.3081 448.4494
v  -509.3503 1092.6769 448.4494
v  -517.2451 1061.8732 448.4494
v  -514.8197 1030.1665 448.4494
v  -502.3305 1000.9224 448.4494
v  -481.1047 977.2444 448.4494
v  -468.4202 1141.6067 451.7282
v  -494.2155 1121.3628 451.7282
v  -512.1338 1093.9017 451.7282
v  -520.2744 1062.1382 451.7282
v  -517.7738 1029.4436 451.7282
v  -504.8955 999.2882 451.7282
v  -483.0077 974.8727 451.7282
v  -470.2829 1145.0015 453.9638
v  -497.0704 1123.9789 453.9638
v  -515.6786 1095.4612 453.9638
v  -524.1323 1062.4756 453.9638
v  -521.5348 1028.5234 453.9638
v  -508.1612 997.2078 453.9638
v  -485.4316 971.8528 453.9638
v  -472.3797 1148.8234 454.9575
v  -500.2841 1126.9238 454.9575
v  -519.6682 1097.2168 454.9575
v  -528.4747 1062.8556 454.9575
v  -525.7687 1027.4872 454.9575
v  -511.8377 994.8655 454.9575
v  -488.1601 968.4531 454.9575
v  -474.5245 1152.7325 454.6242
v  -503.5716 1129.9360 454.6242
v  -523.7502 1099.0127 454.6242
v  -532.9163 1063.2441 454.6242
v  -530.1002 1026.4274 454.6242
v  -515.5980 992.4698 454.6242
v  -490.9514 964.9758 454.6242
v  -476.5259 1156.3816 452.9902
v  -506.6404 1132.7480 452.9902
v  -527.5592 1100.6890 452.9902
v  -537.0634 1063.6069 452.9902
v  -534.1426 1025.4381 452.9902
v  -519.1086 990.2335 452.9902
v  -493.5559 961.7297 452.9902
v  -478.2072 1159.4465 450.2028
v  -509.2177 1135.1099 450.2028
v  -530.7590 1102.0968 450.2028
v  -540.5453 1063.9116 450.2028
v  -537.5385 1024.6072 450.2028
v  -522.0573 988.3553 450.2028
v  -495.7441 959.0035 450.2028
v  -479.4196 1161.6547 446.5084
v  -511.0742 1136.8114 446.5084
v  -533.0643 1103.1113 446.5084
v  -543.0544 1064.1311 446.5084
v  -539.9849 1024.0085 446.5084
v  -524.1812 987.0019 446.5084
v  -497.3208 957.0392 446.5084
v  -480.0536 1162.8103 442.2358
v  -512.0463 1137.7018 442.2358
v  -534.2705 1103.6421 442.2358
v  -544.3676 1064.2461 442.2358
v  -541.2646 1023.6953 442.2358
v  -525.2927 986.2938 442.2358
v  -498.1455 956.0113 442.2358
v  -480.0536 1162.8103 437.7648
v  -512.0463 1137.7018 437.7648
v  -534.2705 1103.6421 437.7648
v  -544.3676 1064.2461 437.7648
v  -541.2646 1023.6953 437.7648
v  -525.2927 986.2938 437.7648
v  -498.1455 956.0113 437.7648
v  -479.4196 1161.6547 433.4922
v  -511.0742 1136.8114 433.4922
v  -533.0643 1103.1113 433.4922
v  -543.0544 1064.1311 433.4922
v  -539.9849 1024.0085 433.4922
v  -524.1812 987.0019 433.4922
v  -497.3208 957.0392 433.4922
v  -478.2072 1159.4465 429.7978
v  -509.2177 1135.1099 429.7978
v  -530.7590 1102.0968 429.7978
v  -540.5453 1063.9116 429.7978
v  -537.5385 1024.6072 429.7978
v  -522.0573 988.3553 429.7978
v  -495.7441 959.0035 429.7978
v  -476.5259 1156.3816 427.0088
v  -506.6404 1132.7480 427.0088
v  -527.5592 1100.6890 427.0088
v  -537.0634 1063.6069 427.0088
v  -534.1426 1025.4381 427.0088
v  -519.1086 990.2335 427.0088
v  -493.5559 961.7297 427.0088
v  -474.5245 1152.7325 425.3764
v  -503.5716 1129.9360 425.3764
v  -523.7502 1099.0127 425.3764
v  -532.9163 1063.2441 425.3764
v  -530.1002 1026.4274 425.3764
v  -515.5980 992.4698 425.3764
v  -490.9514 964.9758 425.3764
v  -472.3797 1148.8234 425.0415
v  -500.2841 1126.9238 425.0415
v  -519.6682 1097.2168 425.0415
v  -528.4747 1062.8556 425.0415
v  -525.7687 1027.4872 425.0415
v  -511.8377 994.8655 425.0415
v  -488.1601 968.4531 425.0415
v  -470.2829 1145.0015 426.0368
v  -497.0704 1123.9789 426.0368
v  -515.6786 1095.4612 426.0368
v  -524.1323 1062.4756 426.0368
v  -521.5348 1028.5234 426.0368
v  -508.1612 997.2078 426.0368
v  -485.4316 971.8528 426.0368
v  -468.4202 1141.6067 428.2739
v  -494.2155 1121.3628 428.2739
v  -512.1338 1093.9017 428.2739
v  -520.2744 1062.1382 428.2739
v  -517.7738 1029.4436 428.2739
v  -504.8955 999.2882 428.2739
v  -483.0077 974.8727 428.2739
v  -491.9731 1119.3081 431.5512
v  -509.3503 1092.6769 431.5512
v  -517.2451 1061.8732 431.5512
v  -514.8197 1030.1665 431.5512
v  -502.3305 1000.9224 431.5512
v  -481.1047 977.2444 431.5512
v  -490.5429 1117.9976 435.5789
v  -507.5744 1091.8955 435.5789
v  -515.3127 1061.7041 435.5789
v  -512.9353 1030.6276 435.5789
v  -500.6942 1001.9647 435.5789
v  -479.8901 978.7574 435.5789
v  527.3678 250.0000 -124.9993
v  527.3678 280.0000 -124.9993
v  527.3678 280.0000 124.9994
v  527.3678 250.0000 124.9994
v  427.3677 280.0000 -124.9993
v  427.3677 280.0000 124.9994
v  427.3677 250.0000 -124.9993
v  427.3677 250.0000 124.9994
v  527.3678 1050.0000 -124.9993
v  527.3678 1080.0000 -124.9993
v  527.3678 1080.0000 124.9994
v  527.3678 1050.0000 124.9994
v  327.3676 1080.0000 -124.9993
v  327.3676 1080.0000 124.9994
v  327.3676 1050.0000 -124.9993
v  327.3676 1050.0000 124.9994
v  427.3677 1500.0000 -124.9993
v  427.3677 1600.0000 -124.9993
v  527.3678 1600.0000 -124.9993
v  377.3677 1350.0000 -124.9993
v  527.3678 1200.0000 -124.9993
v  377.3677 1200.0000 -124.9993
v  527.3678 1600.0000 124.9994
v  427.3677 1600.0000 124.9994
v  427.3677 1500.0000 124.9994
v  377.3677 1350.0000 124.9994
v  377.3677 1200.0000 124.9994
v  527.3678 1200.0000 124.9994
v  524.8672 2250.0000 -481.0365
v  524.8672 2250.0000 481.0365
v  514.2314 2250.0000 492.5009
v  -453.8700 2250.0000 492.5009
v  -460.1324 2250.0000 487.5074
v  -460.1324 2250.0000 -487.5059
v  -453.8700 2250.0000 -492.4994
v  514.2314 2250.0000 -492.4994
v  425.1229 2283.6587 -492.4994
v  -251.9776 2314.8628 -492.4994
v  -80.0424 2347.2300 -492.4994
v  69.2756 2352.9795 -492.4994
v  225.6591 2335.0488 -492.4994
v  -251.9776 2314.8628 492.5009
v  425.1229 2283.6587 492.5009
v  225.6591 2335.0488 492.5009
v  69.2756 2352.9795 492.5009
v  -80.0424 2347.2300 492.5009
v  -460.1324 2262.3008 456.9744
v  -460.1324 2326.1008 237.1755
v  -460.1324 2350.8489 74.2335
v  -460.1324 2350.8489 -74.2319
v  -460.1324 2326.1008 -237.1754
v  -460.1324 2262.3008 -456.9729
v  524.8672 2353.6836 -0.0008
v  524.8672 2342.0166 151.9171
v  524.8672 2300.9097 335.7803
v  524.8672 2300.9097 -335.7803
v  524.8672 2342.0166 -151.9155
v  396.2014 2380.2554 248.0585
v  453.1530 2380.2554 129.7960
v  306.9208 2380.2554 344.2790
v  193.2456 2380.2554 409.9106
v  65.2751 2380.2554 439.1182
v  -65.6192 2380.2554 429.3094
v  -187.8071 2380.2554 381.3542
v  -290.4311 2380.2554 299.5143
v  -364.3731 2380.2554 191.0604
v  -403.0630 2380.2554 65.6309
v  -403.0630 2380.2554 -65.6293
v  -364.3731 2380.2554 -191.0604
v  -290.4311 2380.2554 -299.5127
v  -187.8071 2380.2554 -381.3527
v  -65.6192 2380.2554 -429.3079
v  65.2751 2380.2554 -439.1181
v  193.2456 2380.2554 -409.9091
v  306.9208 2380.2554 -344.2790
v  396.2014 2380.2554 -248.0569
v  453.1530 2380.2554 -129.7944
v  472.7169 2380.2554 -0.0008
v  32.3678 2450.0000 -0.0008
v  -460.1324 2232.0002 381.9992
v  -460.1324 2068.0000 381.9992
v  -472.1324 2080.0000 369.9999
v  -460.1324 2208.0000 358.0006
v  -460.1324 2092.0000 358.0006
v  -460.1324 2232.0002 -382.0007
v  -460.1324 2208.0000 -358.0006
v  -460.1324 2068.0000 -382.0007
v  -460.1324 2092.0000 -358.0006
v  -472.1324 2080.0000 -369.9999
v  -472.1324 2220.0000 369.9999
v  -472.1324 2220.0000 -369.9999
v  -461.7323 2110.0000 329.9109
v  -461.7323 2123.2756 329.9109
v  -461.7323 2123.2756 286.0810
v  -461.7323 2110.0000 270.2261
v  -461.7323 2144.6150 325.4677
v  -461.7323 2157.8904 325.4677
v  -461.7323 2157.8904 286.0810
v  -461.7323 2144.6150 286.0810
v  -461.7323 2175.2800 286.0810
v  -461.7323 2175.2800 328.4304
v  -461.7323 2188.5557 328.4304
v  -461.7323 2188.5557 270.2261
v  -461.6323 2157.8904 286.0810
v  -461.6323 2157.8904 325.4677
v  -461.6323 2144.6150 325.4677
v  -461.6323 2144.6150 286.0810
v  -461.6323 2123.2756 286.0810
v  -461.6323 2123.2756 329.9109
v  -461.6323 2110.0000 329.9109
v  -461.6323 2110.0000 270.2261
v  -461.6323 2188.5557 270.2261
v  -461.6323 2175.2800 286.0810
v  -461.6323 2188.5557 328.4304
v  -461.6323 2175.2800 328.4304
v  -461.7323 2188.5557 253.6597
v  -461.7323 2188.5557 238.9583
v  -461.7323 2135.9946 238.9583
v  -461.7323 2110.0000 253.6597
v  -461.7323 2110.0000 237.7770
v  -461.7323 2161.4585 206.0440
v  -461.7323 2188.5557 206.7417
v  -461.7323 2188.5557 191.3426
v  -461.7323 2110.0000 191.3426
v  -461.7323 2110.0000 206.0440
v  -461.6323 2161.4585 206.0440
v  -461.6323 2110.0000 206.0440
v  -461.6323 2110.0000 191.3426
v  -461.6323 2188.5557 191.3426
v  -461.6323 2188.5557 206.7417
v  -461.6323 2135.9946 238.9583
v  -461.6323 2188.5557 238.9583
v  -461.6323 2188.5557 253.6597
v  -461.6323 2110.0000 253.6597
v  -461.6323 2110.0000 237.7770
v  -461.7323 2188.6758 151.2133
v  -461.7323 2189.8721 140.4093
v  -461.7323 2189.0955 131.3804
v  -461.7323 2186.7656 123.4770
v  -461.7323 2127.3860 107.0144
v  -461.7323 2119.3674 112.7598
v  -461.7323 2119.4211 168.2727
v  -461.7323 2122.2332 140.5969
v  -461.7323 2123.9536 131.9338
v  -461.7323 2129.1145 124.9342
v  -461.7323 2137.1956 103.5681
v  -461.7323 2137.6094 120.3082
v  -461.7323 2148.7961 102.4193
v  -461.7323 2149.3308 118.7656
v  -461.7323 2159.8281 103.3170
v  -461.7323 2161.1733 120.2679
v  -461.7323 2168.9319 106.0083
v  -461.7323 2169.6016 124.7746
v  -461.7323 2174.6223 109.1771
v  -461.7323 2174.6421 131.7338
v  -461.7323 2179.6963 113.3225
v  -461.7323 2176.3223 140.5969
v  -461.7323 2109.8706 129.7401
v  -461.7323 2108.6833 140.6232
v  -461.7323 2109.8767 151.3884
v  -461.7323 2113.4319 120.4523
v  -461.7323 2113.4558 160.6049
v  -461.7323 2127.4993 174.0181
v  -461.7323 2123.9404 149.2397
v  -461.7323 2129.0613 156.1788
v  -461.7323 2137.4155 177.4659
v  -461.7323 2137.5962 160.7460
v  -461.7323 2149.1704 178.6162
v  -461.7323 2149.5452 162.2668
v  -461.7323 2161.0181 177.4566
v  -461.7323 2161.3271 160.7863
v  -461.7323 2170.9971 173.9840
v  -461.7323 2169.6814 156.3401
v  -461.7323 2174.6621 149.4413
v  -461.7323 2179.1077 168.1921
v  -461.7323 2185.0879 160.4732
v  -461.7323 2183.8467 118.1781
v  -461.6323 2189.0955 131.3804
v  -461.6323 2189.8721 140.4093
v  -461.6323 2188.6758 151.2133
v  -461.6323 2186.7656 123.4770
v  -461.6323 2109.8767 151.3884
v  -461.6323 2108.6833 140.6232
v  -461.6323 2109.8706 129.7401
v  -461.6323 2113.4319 120.4523
v  -461.6323 2113.4558 160.6049
v  -461.6323 2119.3674 112.7598
v  -461.6323 2119.4211 168.2727
v  -461.6323 2122.2332 140.5969
v  -461.6323 2127.4993 174.0181
v  -461.6323 2123.9404 149.2397
v  -461.6323 2129.0613 156.1788
v  -461.6323 2137.4155 177.4659
v  -461.6323 2137.5962 160.7460
v  -461.6323 2149.1704 178.6162
v  -461.6323 2149.5452 162.2668
v  -461.6323 2161.0181 177.4566
v  -461.6323 2161.3271 160.7863
v  -461.6323 2170.9971 173.9840
v  -461.6323 2169.6814 156.3401
v  -461.6323 2174.6621 149.4413
v  -461.6323 2179.1077 168.1921
v  -461.6323 2176.3223 140.5969
v  -461.6323 2127.3860 107.0144
v  -461.6323 2123.9536 131.9338
v  -461.6323 2129.1145 124.9342
v  -461.6323 2137.1956 103.5681
v  -461.6323 2137.6094 120.3082
v  -461.6323 2148.7961 102.4193
v  -461.6323 2149.3308 118.7656
v  -461.6323 2159.8281 103.3170
v  -461.6323 2161.1733 120.2679
v  -461.6323 2168.9319 106.0083
v  -461.6323 2169.6016 124.7746
v  -461.6323 2174.6223 109.1771
v  -461.6323 2174.6421 131.7338
v  -461.6323 2179.6963 113.3225
v  -461.6323 2185.0879 160.4732
v  -461.6323 2183.8467 118.1781
v  -461.7323 2144.3406 73.6196
v  -461.7323 2110.0000 73.6196
v  -461.7323 2110.0000 89.4728
v  -461.7323 2188.5557 89.4728
v  -461.7323 2188.5557 73.6196
v  -461.7323 2157.6160 73.6196
v  -461.7323 2144.3406 42.5145
v  -461.7323 2157.6160 42.5145
v  -461.7323 2188.5557 42.5145
v  -461.7323 2188.5557 26.6612
v  -461.7323 2110.0000 26.6612
v  -461.7323 2110.0000 42.5145
v  -461.6323 2144.3406 42.5145
v  -461.6323 2110.0000 42.5145
v  -461.6323 2110.0000 26.6612
v  -461.6323 2188.5557 26.6612
v  -461.6323 2188.5557 42.5145
v  -461.6323 2157.6160 42.5145
v  -461.6323 2144.3406 73.6196
v  -461.6323 2157.6160 73.6196
v  -461.6323 2188.5557 73.6196
v  -461.6323 2188.5557 89.4728
v  -461.6323 2110.0000 89.4728
v  -461.6323 2110.0000 73.6196
v  -461.7323 2139.6228 -30.6283
v  -461.7323 2139.6228 -20.2972
v  -461.7323 2139.9043 -10.8094
v  -461.7323 2152.8982 -30.6283
v  -461.7323 2140.7483 -3.8641
v  -461.7323 2144.4731 4.3540
v  -461.7323 2152.2178 11.0187
v  -461.7323 2152.8982 -21.9622
v  -461.7323 2153.2075 -14.1518
v  -461.7323 2157.7249 12.9860
v  -461.7323 2154.1355 -9.4451
v  -461.7323 2158.0095 -4.4982
v  -461.7323 2164.3840 13.6418
v  -461.7323 2164.1431 -2.7060
v  -461.7323 2171.2446 -5.2206
v  -461.7323 2172.8987 12.5039
v  -461.7323 2174.7417 -11.5846
v  -461.7323 2179.6853 9.0917
v  -461.7323 2175.1453 -15.8510
v  -461.7323 2175.2800 -22.9792
v  -461.7323 2175.2800 -30.6283
v  -461.7323 2188.5557 -46.4816
v  -461.7323 2188.2605 -9.1118
v  -461.7323 2188.5557 -21.0522
v  -461.7323 2187.3760 -2.2053
v  -461.7323 2184.5691 3.9912
v  -461.7323 2110.0000 -46.4816
v  -461.7323 2110.0000 -30.6283
v  -461.6323 2139.9043 -10.8094
v  -461.6323 2139.6228 -20.2972
v  -461.6323 2139.6228 -30.6283
v  -461.6323 2152.8982 -30.6283
v  -461.6323 2110.0000 -30.6283
v  -461.6323 2110.0000 -46.4816
v  -461.6323 2188.5557 -46.4816
v  -461.6323 2175.2800 -30.6283
v  -461.6323 2188.5557 -21.0522
v  -461.6323 2188.2605 -9.1118
v  -461.6323 2187.3760 -2.2053
v  -461.6323 2184.5691 3.9912
v  -461.6323 2179.6853 9.0917
v  -461.6323 2175.2800 -22.9792
v  -461.6323 2175.1453 -15.8510
v  -461.6323 2174.7417 -11.5846
v  -461.6323 2172.8987 12.5039
v  -461.6323 2171.2446 -5.2206
v  -461.6323 2164.3840 13.6418
v  -461.6323 2164.1431 -2.7060
v  -461.6323 2158.0095 -4.4982
v  -461.6323 2157.7249 12.9860
v  -461.6323 2154.1355 -9.4451
v  -461.6323 2153.2075 -14.1518
v  -461.6323 2152.2178 11.0187
v  -461.6323 2152.8982 -21.9622
v  -461.6323 2144.4731 4.3540
v  -461.6323 2140.7483 -3.8641
v  -461.7323 2110.0000 -59.9397
v  -461.7323 2123.2756 -59.9397
v  -461.7323 2123.2756 -103.7712
v  -461.7323 2110.0000 -119.6245
v  -461.7323 2144.6150 -64.3829
v  -461.7323 2157.8904 -64.3829
v  -461.7323 2157.8904 -103.7712
v  -461.7323 2144.6150 -103.7712
v  -461.7323 2175.2800 -103.7712
v  -461.7323 2175.2800 -61.4218
v  -461.7323 2188.5557 -61.4218
v  -461.7323 2188.5557 -119.6245
v  -461.6323 2157.8904 -103.7712
v  -461.6323 2157.8904 -64.3829
v  -461.6323 2144.6150 -64.3829
v  -461.6323 2144.6150 -103.7712
v  -461.6323 2123.2756 -103.7712
v  -461.6323 2123.2756 -59.9397
v  -461.6323 2110.0000 -59.9397
v  -461.6323 2110.0000 -119.6245
v  -461.6323 2188.5557 -119.6245
v  -461.6323 2175.2800 -103.7712
v  -461.6323 2188.5557 -61.4218
v  -461.6323 2175.2800 -61.4218
v  -461.7323 2110.0000 -131.2362
v  -461.7323 2123.2756 -131.2362
v  -461.7323 2123.2756 -170.6787
v  -461.7323 2110.0000 -186.5320
v  -461.7323 2187.8972 -170.6787
v  -461.7323 2187.8972 -186.5320
v  -461.6323 2187.8972 -186.5320
v  -461.6323 2187.8972 -170.6787
v  -461.6323 2123.2756 -170.6787
v  -461.6323 2110.0000 -186.5320
v  -461.6323 2123.2756 -131.2362
v  -461.6323 2110.0000 -131.2362
v  -461.7323 2110.0000 -200.3746
v  -461.7323 2123.2756 -200.3746
v  -461.7323 2123.2756 -244.2060
v  -461.7323 2110.0000 -260.0593
v  -461.7323 2144.6150 -204.8177
v  -461.7323 2157.8904 -204.8177
v  -461.7323 2157.8904 -244.2060
v  -461.7323 2144.6150 -244.2060
v  -461.7323 2175.2800 -244.2060
v  -461.7323 2175.2800 -201.8551
v  -461.7323 2188.5557 -201.8551
v  -461.7323 2188.5557 -260.0593
v  -461.6323 2157.8904 -244.2060
v  -461.6323 2157.8904 -204.8177
v  -461.6323 2144.6150 -204.8177
v  -461.6323 2144.6150 -244.2060
v  -461.6323 2123.2756 -244.2060
v  -461.6323 2123.2756 -200.3746
v  -461.6323 2110.0000 -200.3746
v  -461.6323 2110.0000 -260.0593
v  -461.6323 2188.5557 -260.0593
v  -461.6323 2175.2800 -244.2060
v  -461.6323 2188.5557 -201.8551
v  -461.6323 2175.2800 -201.8551
v  -461.7323 2175.2800 -293.7782
v  -461.7323 2175.2800 -270.5191
v  -461.7323 2188.5557 -270.5191
v  -461.7323 2188.5557 -332.9463
v  -461.7323 2175.2800 -332.9463
v  -461.7323 2175.2800 -309.6315
v  -461.7323 2110.0000 -309.6315
v  -461.7323 2110.0000 -293.7782
v  -461.6323 2175.2800 -309.6315
v  -461.6323 2175.2800 -332.9463
v  -461.6323 2188.5557 -332.9463
v  -461.6323 2188.5557 -270.5191
v  -461.6323 2175.2800 -270.5191
v  -461.6323 2175.2800 -293.7782
v  -461.6323 2110.0000 -293.7782
v  -461.6323 2110.0000 -309.6315
v  -461.6323 2210.0000 358.0006
v  -461.6323 2210.0000 -358.0006
v  -461.6323 2090.0000 -358.0006
v  -461.6323 2090.0000 358.0006
v  524.8672 2232.0002 -382.0007
v  524.8672 2068.0000 -382.0007
v  536.8680 2080.0000 -369.9999
v  524.8672 2208.0000 -358.0006
v  524.8672 2092.0000 -358.0006
v  524.8672 2232.0002 381.9992
v  524.8672 2208.0000 358.0006
v  524.8672 2068.0000 381.9992
v  524.8672 2092.0000 358.0006
v  536.8680 2080.0000 369.9999
v  536.8680 2220.0000 -369.9999
v  536.8680 2220.0000 369.9999
v  526.4679 2110.0000 -329.9109
v  526.4679 2123.2756 -329.9109
v  526.4679 2123.2756 -286.0794
v  526.4679 2110.0000 -270.2261
v  526.4679 2144.6150 -325.4677
v  526.4679 2157.8904 -325.4677
v  526.4679 2157.8904 -286.0794
v  526.4679 2144.6150 -286.0794
v  526.4679 2175.2800 -286.0794
v  526.4679 2175.2800 -328.4288
v  526.4679 2188.5557 -328.4288
v  526.4679 2188.5557 -270.2261
v  526.3679 2157.8904 -286.0794
v  526.3679 2157.8904 -325.4677
v  526.3679 2144.6150 -325.4677
v  526.3679 2144.6150 -286.0794
v  526.3679 2123.2756 -286.0794
v  526.3679 2123.2756 -329.9109
v  526.3679 2110.0000 -329.9109
v  526.3679 2110.0000 -270.2261
v  526.3679 2188.5557 -270.2261
v  526.3679 2175.2800 -286.0794
v  526.3679 2188.5557 -328.4288
v  526.3679 2175.2800 -328.4288
v  526.4679 2188.5557 -253.6597
v  526.4679 2188.5557 -238.9567
v  526.4679 2135.9946 -238.9567
v  526.4679 2110.0000 -253.6597
v  526.4679 2110.0000 -237.7754
v  526.4679 2161.4585 -206.0440
v  526.4679 2188.5557 -206.7401
v  526.4679 2188.5557 -191.3410
v  526.4679 2110.0000 -191.3410
v  526.4679 2110.0000 -206.0440
v  526.3679 2161.4585 -206.0440
v  526.3679 2110.0000 -206.0440
v  526.3679 2110.0000 -191.3410
v  526.3679 2188.5557 -191.3410
v  526.3679 2188.5557 -206.7401
v  526.3679 2135.9946 -238.9567
v  526.3679 2188.5557 -238.9567
v  526.3679 2188.5557 -253.6597
v  526.3679 2110.0000 -253.6597
v  526.3679 2110.0000 -237.7754
v  526.4679 2188.6758 -151.2132
v  526.4679 2189.8721 -140.4092
v  526.4679 2189.0955 -131.3803
v  526.4679 2186.7656 -123.4754
v  526.4679 2127.3860 -107.0144
v  526.4679 2119.3674 -112.7598
v  526.4679 2119.4211 -168.2727
v  526.4679 2122.2332 -140.5968
v  526.4679 2123.9536 -131.9338
v  526.4679 2129.1145 -124.9342
v  526.4679 2137.1956 -103.5665
v  526.4679 2137.6094 -120.3082
v  526.4679 2148.7961 -102.4178
v  526.4679 2149.3308 -118.7656
v  526.4679 2159.8281 -103.3154
v  526.4679 2161.1733 -120.2663
v  526.4679 2168.9319 -106.0082
v  526.4679 2169.6016 -124.7730
v  526.4679 2174.6223 -109.1755
v  526.4679 2174.6421 -131.7323
v  526.4679 2179.6963 -113.3225
v  526.4679 2176.3223 -140.5968
v  526.4679 2109.8706 -129.7401
v  526.4679 2108.6833 -140.6232
v  526.4679 2109.8767 -151.3884
v  526.4679 2113.4319 -120.4523
v  526.4679 2113.4558 -160.6049
v  526.4679 2127.4993 -174.0181
v  526.4679 2123.9404 -149.2397
v  526.4679 2129.0613 -156.1788
v  526.4679 2137.4155 -177.4659
v  526.4679 2137.5962 -160.7444
v  526.4679 2149.1704 -178.6147
v  526.4679 2149.5452 -162.2668
v  526.4679 2161.0181 -177.4566
v  526.4679 2161.3271 -160.7863
v  526.4679 2170.9971 -173.9824
v  526.4679 2169.6814 -156.3401
v  526.4679 2174.6621 -149.4413
v  526.4679 2179.1077 -168.1936
v  526.4679 2185.0879 -160.4731
v  526.4679 2183.8467 -118.1780
v  526.3679 2189.0955 -131.3803
v  526.3679 2189.8721 -140.4092
v  526.3679 2188.6758 -151.2132
v  526.3679 2186.7656 -123.4754
v  526.3679 2109.8767 -151.3884
v  526.3679 2108.6833 -140.6232
v  526.3679 2109.8706 -129.7401
v  526.3679 2113.4319 -120.4523
v  526.3679 2113.4558 -160.6049
v  526.3679 2119.3674 -112.7598
v  526.3679 2119.4211 -168.2727
v  526.3679 2122.2332 -140.5968
v  526.3679 2127.4993 -174.0181
v  526.3679 2123.9404 -149.2397
v  526.3679 2129.0613 -156.1788
v  526.3679 2137.4155 -177.4659
v  526.3679 2137.5962 -160.7444
v  526.3679 2149.1704 -178.6147
v  526.3679 2149.5452 -162.2668
v  526.3679 2161.0181 -177.4566
v  526.3679 2161.3271 -160.7863
v  526.3679 2170.9971 -173.9824
v  526.3679 2169.6814 -156.3401
v  526.3679 2174.6621 -149.4413
v  526.3679 2179.1077 -168.1936
v  526.3679 2176.3223 -140.5968
v  526.3679 2127.3860 -107.0144
v  526.3679 2123.9536 -131.9338
v  526.3679 2129.1145 -124.9342
v  526.3679 2137.1956 -103.5665
v  526.3679 2137.6094 -120.3082
v  526.3679 2148.7961 -102.4178
v  526.3679 2149.3308 -118.7656
v  526.3679 2159.8281 -103.3154
v  526.3679 2161.1733 -120.2663
v  526.3679 2168.9319 -106.0082
v  526.3679 2169.6016 -124.7730
v  526.3679 2174.6223 -109.1755
v  526.3679 2174.6421 -131.7323
v  526.3679 2179.6963 -113.3225
v  526.3679 2185.0879 -160.4731
v  526.3679 2183.8467 -118.1780
v  526.4679 2144.3406 -73.6180
v  526.4679 2110.0000 -73.6180
v  526.4679 2110.0000 -89.4713
v  526.4679 2188.5557 -89.4713
v  526.4679 2188.5557 -73.6180
v  526.4679 2157.6160 -73.6180
v  526.4679 2144.3406 -42.5144
v  526.4679 2157.6160 -42.5144
v  526.4679 2188.5557 -42.5144
v  526.4679 2188.5557 -26.6596
v  526.4679 2110.0000 -26.6596
v  526.4679 2110.0000 -42.5144
v  526.3679 2144.3406 -42.5144
v  526.3679 2110.0000 -42.5144
v  526.3679 2110.0000 -26.6596
v  526.3679 2188.5557 -26.6596
v  526.3679 2188.5557 -42.5144
v  526.3679 2157.6160 -42.5144
v  526.3679 2144.3406 -73.6180
v  526.3679 2157.6160 -73.6180
v  526.3679 2188.5557 -73.6180
v  526.3679 2188.5557 -89.4713
v  526.3679 2110.0000 -89.4713
v  526.3679 2110.0000 -73.6180
v  526.4679 2139.6228 30.6284
v  526.4679 2139.6228 20.2972
v  526.4679 2139.9043 10.8094
v  526.4679 2152.8982 30.6284
v  526.4679 2140.7483 3.8626
v  526.4679 2144.4731 -4.3540
v  526.4679 2152.2178 -11.0171
v  526.4679 2152.8982 21.9638
v  526.4679 2153.2075 14.1534
v  526.4679 2157.7249 -12.9860
v  526.4679 2154.1355 9.4467
v  526.4679 2158.0095 4.4982
v  526.4679 2164.3840 -13.6402
v  526.4679 2164.1431 2.7060
v  526.4679 2171.2446 5.2206
v  526.4679 2172.8987 -12.5039
v  526.4679 2174.7417 11.5861
v  526.4679 2179.6853 -9.0901
v  526.4679 2175.1453 15.8525
v  526.4679 2175.2800 22.9792
v  526.4679 2175.2800 30.6284
v  526.4679 2188.5557 46.4832
v  526.4679 2188.2605 9.1134
v  526.4679 2188.5557 21.0522
v  526.4679 2187.3760 2.2069
v  526.4679 2184.5691 -3.9912
v  526.4679 2110.0000 46.4832
v  526.4679 2110.0000 30.6284
v  526.3679 2139.9043 10.8094
v  526.3679 2139.6228 20.2972
v  526.3679 2139.6228 30.6284
v  526.3679 2152.8982 30.6284
v  526.3679 2110.0000 30.6284
v  526.3679 2110.0000 46.4832
v  526.3679 2188.5557 46.4832
v  526.3679 2175.2800 30.6284
v  526.3679 2188.5557 21.0522
v  526.3679 2188.2605 9.1134
v  526.3679 2187.3760 2.2069
v  526.3679 2184.5691 -3.9912
v  526.3679 2179.6853 -9.0901
v  526.3679 2175.2800 22.9792
v  526.3679 2175.1453 15.8525
v  526.3679 2174.7417 11.5861
v  526.3679 2172.8987 -12.5039
v  526.3679 2171.2446 5.2206
v  526.3679 2164.3840 -13.6402
v  526.3679 2164.1431 2.7060
v  526.3679 2158.0095 4.4982
v  526.3679 2157.7249 -12.9860
v  526.3679 2154.1355 9.4467
v  526.3679 2153.2075 14.1534
v  526.3679 2152.2178 -11.0171
v  526.3679 2152.8982 21.9638
v  526.3679 2144.4731 -4.3540
v  526.3679 2140.7483 3.8626
v  526.4679 2110.0000 59.9413
v  526.4679 2123.2756 59.9413
v  526.4679 2123.2756 103.7727
v  526.4679 2110.0000 119.6245
v  526.4679 2144.6150 64.3845
v  526.4679 2157.8904 64.3845
v  526.4679 2157.8904 103.7727
v  526.4679 2144.6150 103.7727
v  526.4679 2175.2800 103.7727
v  526.4679 2175.2800 61.4218
v  526.4679 2188.5557 61.4218
v  526.4679 2188.5557 119.6245
v  526.3679 2157.8904 103.7727
v  526.3679 2157.8904 64.3845
v  526.3679 2144.6150 64.3845
v  526.3679 2144.6150 103.7727
v  526.3679 2123.2756 103.7727
v  526.3679 2123.2756 59.9413
v  526.3679 2110.0000 59.9413
v  526.3679 2110.0000 119.6245
v  526.3679 2188.5557 119.6245
v  526.3679 2175.2800 103.7727
v  526.3679 2188.5557 61.4218
v  526.3679 2175.2800 61.4218
v  526.4679 2110.0000 131.2362
v  526.4679 2123.2756 131.2362
v  526.4679 2123.2756 170.6787
v  526.4679 2110.0000 186.5336
v  526.4679 2187.8972 170.6787
v  526.4679 2187.8972 186.5336
v  526.3679 2187.8972 186.5336
v  526.3679 2187.8972 170.6787
v  526.3679 2123.2756 170.6787
v  526.3679 2110.0000 186.5336
v  526.3679 2123.2756 131.2362
v  526.3679 2110.0000 131.2362
v  526.4679 2110.0000 200.3761
v  526.4679 2123.2756 200.3761
v  526.4679 2123.2756 244.2060
v  526.4679 2110.0000 260.0593
v  526.4679 2144.6150 204.8193
v  526.4679 2157.8904 204.8193
v  526.4679 2157.8904 244.2060
v  526.4679 2144.6150 244.2060
v  526.4679 2175.2800 244.2060
v  526.4679 2175.2800 201.8567
v  526.4679 2188.5557 201.8567
v  526.4679 2188.5557 260.0593
v  526.3679 2157.8904 244.2060
v  526.3679 2157.8904 204.8193
v  526.3679 2144.6150 204.8193
v  526.3679 2144.6150 244.2060
v  526.3679 2123.2756 244.2060
v  526.3679 2123.2756 200.3761
v  526.3679 2110.0000 200.3761
v  526.3679 2110.0000 260.0593
v  526.3679 2188.5557 260.0593
v  526.3679 2175.2800 244.2060
v  526.3679 2188.5557 201.8567
v  526.3679 2175.2800 201.8567
v  526.4679 2175.2800 293.7782
v  526.4679 2175.2800 270.5192
v  526.4679 2188.5557 270.5192
v  526.4679 2188.5557 332.9464
v  526.4679 2175.2800 332.9464
v  526.4679 2175.2800 309.6315
v  526.4679 2110.0000 309.6315
v  526.4679 2110.0000 293.7782
v  526.3679 2175.2800 309.6315
v  526.3679 2175.2800 332.9464
v  526.3679 2188.5557 332.9464
v  526.3679 2188.5557 270.5192
v  526.3679 2175.2800 270.5192
v  526.3679 2175.2800 293.7782
v  526.3679 2110.0000 293.7782
v  526.3679 2110.0000 309.6315
v  526.3679 2210.0000 -358.0006
v  526.3679 2210.0000 358.0006
v  526.3679 2090.0000 358.0006
v  526.3679 2090.0000 -358.0006
v  -349.6321 2232.0002 -492.4994
v  -349.6321 2068.0000 -492.4994
v  -337.6321 2080.0000 -504.5002
v  -325.6328 2208.0000 -492.4994
v  -325.6328 2092.0000 -492.4994
v  414.3677 2232.0002 -492.4994
v  390.3676 2208.0000 -492.4994
v  414.3677 2068.0000 -492.4994
v  390.3676 2092.0000 -492.4994
v  402.3677 2080.0000 -504.5002
v  -337.6321 2220.0000 -504.5002
v  402.3677 2220.0000 -504.5002
v  -297.5431 2110.0000 -494.0993
v  -297.5431 2123.2756 -494.0993
v  -253.7124 2123.2756 -494.0993
v  -237.8591 2110.0000 -494.0993
v  -293.0999 2144.6150 -494.0993
v  -293.0999 2157.8904 -494.0993
v  -253.7124 2157.8904 -494.0993
v  -253.7124 2144.6150 -494.0993
v  -253.7124 2175.2800 -494.0993
v  -296.0618 2175.2800 -494.0993
v  -296.0618 2188.5557 -494.0993
v  -237.8591 2188.5557 -494.0993
v  -253.7124 2157.8904 -494.0000
v  -293.0999 2157.8904 -494.0000
v  -293.0999 2144.6150 -494.0000
v  -253.7124 2144.6150 -494.0000
v  -253.7124 2123.2756 -494.0000
v  -297.5431 2123.2756 -494.0000
v  -297.5431 2110.0000 -494.0000
v  -237.8591 2110.0000 -494.0000
v  -237.8591 2188.5557 -494.0000
v  -253.7124 2175.2800 -494.0000
v  -296.0618 2188.5557 -494.0000
v  -296.0618 2175.2800 -494.0000
v  -221.2919 2188.5557 -494.0993
v  -206.5905 2188.5557 -494.0993
v  -206.5905 2135.9946 -494.0993
v  -221.2919 2110.0000 -494.0993
v  -205.4092 2110.0000 -494.0993
v  -173.6762 2161.4585 -494.0993
v  -174.3738 2188.5557 -494.0993
v  -158.9740 2188.5557 -494.0993
v  -158.9740 2110.0000 -494.0993
v  -173.6762 2110.0000 -494.0993
v  -173.6762 2161.4585 -494.0000
v  -173.6762 2110.0000 -494.0000
v  -158.9740 2110.0000 -494.0000
v  -158.9740 2188.5557 -494.0000
v  -174.3738 2188.5557 -494.0000
v  -206.5905 2135.9946 -494.0000
v  -206.5905 2188.5557 -494.0000
v  -221.2919 2188.5557 -494.0000
v  -221.2919 2110.0000 -494.0000
v  -205.4092 2110.0000 -494.0000
v  -118.8447 2188.6758 -494.0993
v  -108.0415 2189.8721 -494.0993
v  -99.0126 2189.0955 -494.0993
v  -91.1092 2186.7656 -494.0993
v  -74.6466 2127.3860 -494.0993
v  -80.3920 2119.3674 -494.0993
v  -135.9049 2119.4211 -494.0993
v  -108.2298 2122.2332 -494.0993
v  -99.5668 2123.9536 -494.0993
v  -92.5664 2129.1145 -494.0993
v  -71.1995 2137.1956 -494.0993
v  -87.9404 2137.6094 -494.0993
v  -70.0508 2148.7961 -494.0993
v  -86.3978 2149.3308 -494.0993
v  -70.9484 2159.8281 -494.0993
v  -87.9001 2161.1733 -494.0993
v  -73.6405 2168.9319 -494.0993
v  -92.4060 2169.6016 -494.0993
v  -76.8093 2174.6223 -494.0993
v  -99.3660 2174.6421 -494.0993
v  -80.9547 2179.6963 -494.0993
v  -108.2298 2176.3223 -494.0993
v  -97.3723 2109.8706 -494.0993
v  -108.2562 2108.6833 -494.0993
v  -119.0206 2109.8767 -494.0993
v  -88.0845 2113.4319 -494.0993
v  -128.2371 2113.4558 -494.0993
v  -141.6510 2127.4993 -494.0993
v  -116.8719 2123.9404 -494.0993
v  -123.8118 2129.0613 -494.0993
v  -145.0981 2137.4155 -494.0993
v  -128.3782 2137.5962 -494.0993
v  -146.2477 2149.1704 -494.0993
v  -129.8998 2149.5452 -494.0993
v  -145.0888 2161.0181 -494.0993
v  -128.4177 2161.3271 -494.0993
v  -141.6154 2170.9971 -494.0993
v  -123.9730 2169.6814 -494.0993
v  -117.0735 2174.6621 -494.0993
v  -135.8250 2179.1077 -494.0993
v  -128.1061 2185.0879 -494.0993
v  -85.8110 2183.8467 -494.0993
v  -99.0126 2189.0955 -494.0000
v  -108.0415 2189.8721 -494.0000
v  -118.8447 2188.6758 -494.0000
v  -91.1092 2186.7656 -494.0000
v  -119.0206 2109.8767 -494.0000
v  -108.2562 2108.6833 -494.0000
v  -97.3723 2109.8706 -494.0000
v  -88.0845 2113.4319 -494.0000
v  -128.2371 2113.4558 -494.0000
v  -80.3920 2119.3674 -494.0000
v  -135.9049 2119.4211 -494.0000
v  -108.2298 2122.2332 -494.0000
v  -141.6510 2127.4993 -494.0000
v  -116.8719 2123.9404 -494.0000
v  -123.8118 2129.0613 -494.0000
v  -145.0981 2137.4155 -494.0000
v  -128.3782 2137.5962 -494.0000
v  -146.2477 2149.1704 -494.0000
v  -129.8998 2149.5452 -494.0000
v  -145.0888 2161.0181 -494.0000
v  -128.4177 2161.3271 -494.0000
v  -141.6154 2170.9971 -494.0000
v  -123.9730 2169.6814 -494.0000
v  -117.0735 2174.6621 -494.0000
v  -135.8250 2179.1077 -494.0000
v  -108.2298 2176.3223 -494.0000
v  -74.6466 2127.3860 -494.0000
v  -99.5668 2123.9536 -494.0000
v  -92.5664 2129.1145 -494.0000
v  -71.1995 2137.1956 -494.0000
v  -87.9404 2137.6094 -494.0000
v  -70.0508 2148.7961 -494.0000
v  -86.3978 2149.3308 -494.0000
v  -70.9484 2159.8281 -494.0000
v  -87.9001 2161.1733 -494.0000
v  -73.6405 2168.9319 -494.0000
v  -92.4060 2169.6016 -494.0000
v  -76.8093 2174.6223 -494.0000
v  -99.3660 2174.6421 -494.0000
v  -80.9547 2179.6963 -494.0000
v  -128.1061 2185.0879 -494.0000
v  -85.8110 2183.8467 -494.0000
v  -41.2510 2144.3406 -494.0993
v  -41.2510 2110.0000 -494.0993
v  -57.1043 2110.0000 -494.0993
v  -57.1043 2188.5557 -494.0993
v  -41.2510 2188.5557 -494.0993
v  -41.2510 2157.6160 -494.0993
v  -10.1467 2144.3406 -494.0993
v  -10.1467 2157.6160 -494.0993
v  -10.1467 2188.5557 -494.0993
v  5.7066 2188.5557 -494.0993
v  5.7066 2110.0000 -494.0993
v  -10.1467 2110.0000 -494.0993
v  -10.1467 2144.3406 -494.0000
v  -10.1467 2110.0000 -494.0000
v  5.7066 2110.0000 -494.0000
v  5.7066 2188.5557 -494.0000
v  -10.1467 2188.5557 -494.0000
v  -10.1467 2157.6160 -494.0000
v  -41.2510 2144.3406 -494.0000
v  -41.2510 2157.6160 -494.0000
v  -41.2510 2188.5557 -494.0000
v  -57.1043 2188.5557 -494.0000
v  -57.1043 2110.0000 -494.0000
v  -41.2510 2110.0000 -494.0000
v  62.9962 2139.6228 -494.0993
v  52.6650 2139.6228 -494.0993
v  43.1764 2139.9043 -494.0993
v  62.9962 2152.8982 -494.0993
v  36.2311 2140.7483 -494.0993
v  28.0146 2144.4731 -494.0993
v  21.3491 2152.2178 -494.0993
v  54.3300 2152.8982 -494.0993
v  46.5204 2153.2075 -494.0993
v  19.3818 2157.7249 -494.0993
v  41.8137 2154.1355 -494.0993
v  36.8660 2158.0095 -494.0993
v  18.7260 2164.3840 -494.0993
v  35.0738 2164.1431 -494.0993
v  37.5876 2171.2446 -494.0993
v  19.8639 2172.8987 -494.0993
v  43.9531 2174.7417 -494.0993
v  23.2769 2179.6853 -494.0993
v  48.2195 2175.1453 -494.0993
v  55.3470 2175.2800 -494.0993
v  62.9962 2175.2800 -494.0993
v  78.8495 2188.5557 -494.0993
v  41.4804 2188.2605 -494.0993
v  53.4192 2188.5557 -494.0993
v  34.5739 2187.3760 -494.0993
v  28.3766 2184.5691 -494.0993
v  78.8495 2110.0000 -494.0993
v  62.9962 2110.0000 -494.0993
v  43.1764 2139.9043 -494.0000
v  52.6650 2139.6228 -494.0000
v  62.9962 2139.6228 -494.0000
v  62.9962 2152.8982 -494.0000
v  62.9962 2110.0000 -494.0000
v  78.8495 2110.0000 -494.0000
v  78.8495 2188.5557 -494.0000
v  62.9962 2175.2800 -494.0000
v  53.4192 2188.5557 -494.0000
v  41.4804 2188.2605 -494.0000
v  34.5739 2187.3760 -494.0000
v  28.3766 2184.5691 -494.0000
v  23.2769 2179.6853 -494.0000
v  55.3470 2175.2800 -494.0000
v  48.2195 2175.1453 -494.0000
v  43.9531 2174.7417 -494.0000
v  19.8639 2172.8987 -494.0000
v  37.5876 2171.2446 -494.0000
v  18.7260 2164.3840 -494.0000
v  35.0738 2164.1431 -494.0000
v  36.8660 2158.0095 -494.0000
v  19.3818 2157.7249 -494.0000
v  41.8137 2154.1355 -494.0000
v  46.5204 2153.2075 -494.0000
v  21.3491 2152.2178 -494.0000
v  54.3300 2152.8982 -494.0000
v  28.0146 2144.4731 -494.0000
v  36.2311 2140.7483 -494.0000
v  92.3083 2110.0000 -494.0993
v  92.3083 2123.2756 -494.0993
v  136.1390 2123.2756 -494.0993
v  151.9931 2110.0000 -494.0993
v  96.7515 2144.6150 -494.0993
v  96.7515 2157.8904 -494.0993
v  136.1390 2157.8904 -494.0993
v  136.1390 2144.6150 -494.0993
v  136.1390 2175.2800 -494.0993
v  93.7889 2175.2800 -494.0993
v  93.7889 2188.5557 -494.0993
v  151.9931 2188.5557 -494.0993
v  136.1390 2157.8904 -494.0000
v  96.7515 2157.8904 -494.0000
v  96.7515 2144.6150 -494.0000
v  136.1390 2144.6150 -494.0000
v  136.1390 2123.2756 -494.0000
v  92.3083 2123.2756 -494.0000
v  92.3083 2110.0000 -494.0000
v  151.9931 2110.0000 -494.0000
v  151.9931 2188.5557 -494.0000
v  136.1390 2175.2800 -494.0000
v  93.7889 2188.5557 -494.0000
v  93.7889 2175.2800 -494.0000
v  163.6040 2110.0000 -494.0993
v  163.6040 2123.2756 -494.0993
v  203.0465 2123.2756 -494.0993
v  218.9006 2110.0000 -494.0993
v  203.0465 2187.8972 -494.0993
v  218.9006 2187.8972 -494.0993
v  218.9006 2187.8972 -494.0000
v  203.0465 2187.8972 -494.0000
v  203.0465 2123.2756 -494.0000
v  218.9006 2110.0000 -494.0000
v  163.6040 2123.2756 -494.0000
v  163.6040 2110.0000 -494.0000
v  232.7424 2110.0000 -494.0993
v  232.7424 2123.2756 -494.0993
v  276.5730 2123.2756 -494.0993
v  292.4271 2110.0000 -494.0993
v  237.1863 2144.6150 -494.0993
v  237.1863 2157.8904 -494.0993
v  276.5730 2157.8904 -494.0993
v  276.5730 2144.6150 -494.0993
v  276.5730 2175.2800 -494.0993
v  234.2237 2175.2800 -494.0993
v  234.2237 2188.5557 -494.0993
v  292.4271 2188.5557 -494.0993
v  276.5730 2157.8904 -494.0000
v  237.1863 2157.8904 -494.0000
v  237.1863 2144.6150 -494.0000
v  276.5730 2144.6150 -494.0000
v  276.5730 2123.2756 -494.0000
v  232.7424 2123.2756 -494.0000
v  232.7424 2110.0000 -494.0000
v  292.4271 2110.0000 -494.0000
v  292.4271 2188.5557 -494.0000
v  276.5730 2175.2800 -494.0000
v  234.2237 2188.5557 -494.0000
v  234.2237 2175.2800 -494.0000
v  326.1460 2175.2800 -494.0993
v  302.8862 2175.2800 -494.0993
v  302.8862 2188.5557 -494.0993
v  365.3141 2188.5557 -494.0993
v  365.3141 2175.2800 -494.0993
v  341.9993 2175.2800 -494.0993
v  341.9993 2110.0000 -494.0993
v  326.1460 2110.0000 -494.0993
v  341.9993 2175.2800 -494.0000
v  365.3141 2175.2800 -494.0000
v  365.3141 2188.5557 -494.0000
v  302.8862 2188.5557 -494.0000
v  302.8862 2175.2800 -494.0000
v  326.1460 2175.2800 -494.0000
v  326.1460 2110.0000 -494.0000
v  341.9993 2110.0000 -494.0000
v  -325.6328 2210.0000 -494.0000
v  390.3676 2210.0000 -494.0000
v  390.3676 2090.0000 -494.0000
v  -325.6328 2090.0000 -494.0000
v  414.3677 2232.0002 492.5009
v  414.3677 2068.0000 492.5009
v  402.3677 2080.0000 504.5002
v  390.3676 2208.0000 492.5009
v  390.3676 2092.0000 492.5009
v  -349.6321 2232.0002 492.5009
v  -325.6328 2208.0000 492.5009
v  -349.6321 2068.0000 492.5009
v  -325.6328 2092.0000 492.5009
v  -337.6321 2080.0000 504.5002
v  402.3677 2220.0000 504.5002
v  -337.6321 2220.0000 504.5002
v  362.2787 2110.0000 494.1009
v  362.2787 2123.2756 494.1009
v  318.4472 2123.2756 494.1009
v  302.5939 2110.0000 494.1009
v  357.8347 2144.6150 494.1009
v  357.8347 2157.8904 494.1009
v  318.4472 2157.8904 494.1009
v  318.4472 2144.6150 494.1009
v  318.4472 2175.2800 494.1009
v  360.7974 2175.2800 494.1009
v  360.7974 2188.5557 494.1009
v  302.5939 2188.5557 494.1009
v  318.4472 2157.8904 494.0001
v  357.8347 2157.8904 494.0001
v  357.8347 2144.6150 494.0001
v  318.4472 2144.6150 494.0001
v  318.4472 2123.2756 494.0001
v  362.2787 2123.2756 494.0001
v  362.2787 2110.0000 494.0001
v  302.5939 2110.0000 494.0001
v  302.5939 2188.5557 494.0001
v  318.4472 2175.2800 494.0001
v  360.7974 2188.5557 494.0001
v  360.7974 2175.2800 494.0001
v  286.0267 2188.5557 494.1009
v  271.3253 2188.5557 494.1009
v  271.3253 2135.9946 494.1009
v  286.0267 2110.0000 494.1009
v  270.1440 2110.0000 494.1009
v  238.4110 2161.4585 494.1009
v  239.1087 2188.5557 494.1009
v  223.7088 2188.5557 494.1009
v  223.7088 2110.0000 494.1009
v  238.4110 2110.0000 494.1009
v  238.4110 2161.4585 494.0001
v  238.4110 2110.0000 494.0001
v  223.7088 2110.0000 494.0001
v  223.7088 2188.5557 494.0001
v  239.1087 2188.5557 494.0001
v  271.3253 2135.9946 494.0001
v  271.3253 2188.5557 494.0001
v  286.0267 2188.5557 494.0001
v  286.0267 2110.0000 494.0001
v  270.1440 2110.0000 494.0001
v  183.5803 2188.6758 494.1009
v  172.7771 2189.8721 494.1009
v  163.7482 2189.0955 494.1009
v  155.8440 2186.7656 494.1009
v  139.3822 2127.3860 494.1009
v  145.1276 2119.3674 494.1009
v  200.6405 2119.4211 494.1009
v  172.9646 2122.2332 494.1009
v  164.3016 2123.9536 494.1009
v  157.3020 2129.1145 494.1009
v  135.9351 2137.1956 494.1009
v  152.6759 2137.6094 494.1009
v  134.7856 2148.7961 494.1009
v  151.1334 2149.3308 494.1009
v  135.6832 2159.8281 494.1009
v  152.6349 2161.1733 494.1009
v  138.3761 2168.9319 494.1009
v  157.1416 2169.6016 494.1009
v  141.5441 2174.6223 494.1009
v  164.1008 2174.6421 494.1009
v  145.6903 2179.6963 494.1009
v  172.9646 2176.3223 494.1009
v  162.1079 2109.8706 494.1009
v  172.9910 2108.6833 494.1009
v  183.7562 2109.8767 494.1009
v  152.8201 2113.4319 494.1009
v  192.9719 2113.4558 494.1009
v  206.3858 2127.4993 494.1009
v  181.6075 2123.9404 494.1009
v  188.5466 2129.0613 494.1009
v  209.8329 2137.4155 494.1009
v  193.1130 2137.5962 494.1009
v  210.9825 2149.1704 494.1009
v  194.6346 2149.5452 494.1009
v  209.8244 2161.0181 494.1009
v  193.1533 2161.3271 494.1009
v  206.3502 2170.9971 494.1009
v  188.7079 2169.6814 494.1009
v  181.8083 2174.6621 494.1009
v  200.5606 2179.1077 494.1009
v  192.8417 2185.0879 494.1009
v  150.5459 2183.8467 494.1009
v  163.7482 2189.0955 494.0001
v  172.7771 2189.8721 494.0001
v  183.5803 2188.6758 494.0001
v  155.8440 2186.7656 494.0001
v  183.7562 2109.8767 494.0001
v  172.9910 2108.6833 494.0001
v  162.1079 2109.8706 494.0001
v  152.8201 2113.4319 494.0001
v  192.9719 2113.4558 494.0001
v  145.1276 2119.3674 494.0001
v  200.6405 2119.4211 494.0001
v  172.9646 2122.2332 494.0001
v  206.3858 2127.4993 494.0001
v  181.6075 2123.9404 494.0001
v  188.5466 2129.0613 494.0001
v  209.8329 2137.4155 494.0001
v  193.1130 2137.5962 494.0001
v  210.9825 2149.1704 494.0001
v  194.6346 2149.5452 494.0001
v  209.8244 2161.0181 494.0001
v  193.1533 2161.3271 494.0001
v  206.3502 2170.9971 494.0001
v  188.7079 2169.6814 494.0001
v  181.8083 2174.6621 494.0001
v  200.5606 2179.1077 494.0001
v  172.9646 2176.3223 494.0001
v  139.3822 2127.3860 494.0001
v  164.3016 2123.9536 494.0001
v  157.3020 2129.1145 494.0001
v  135.9351 2137.1956 494.0001
v  152.6759 2137.6094 494.0001
v  134.7856 2148.7961 494.0001
v  151.1334 2149.3308 494.0001
v  135.6832 2159.8281 494.0001
v  152.6349 2161.1733 494.0001
v  138.3761 2168.9319 494.0001
v  157.1416 2169.6016 494.0001
v  141.5441 2174.6223 494.0001
v  164.1008 2174.6421 494.0001
v  145.6903 2179.6963 494.0001
v  192.8417 2185.0879 494.0001
v  150.5459 2183.8467 494.0001
v  105.9858 2144.3406 494.1009
v  105.9858 2110.0000 494.1009
v  121.8399 2110.0000 494.1009
v  121.8399 2188.5557 494.1009
v  105.9858 2188.5557 494.1009
v  105.9858 2157.6160 494.1009
v  74.8823 2144.3406 494.1009
v  74.8823 2157.6160 494.1009
v  74.8823 2188.5557 494.1009
v  59.0282 2188.5557 494.1009
v  59.0282 2110.0000 494.1009
v  74.8823 2110.0000 494.1009
v  74.8823 2144.3406 494.0001
v  74.8823 2110.0000 494.0001
v  59.0282 2110.0000 494.0001
v  59.0282 2188.5557 494.0001
v  74.8823 2188.5557 494.0001
v  74.8823 2157.6160 494.0001
v  105.9858 2144.3406 494.0001
v  105.9858 2157.6160 494.0001
v  105.9858 2188.5557 494.0001
v  121.8399 2188.5557 494.0001
v  121.8399 2110.0000 494.0001
v  105.9858 2110.0000 494.0001
v  1.7387 2139.6228 494.1009
v  12.0698 2139.6228 494.1009
v  21.5584 2139.9043 494.1009
v  1.7387 2152.8982 494.1009
v  28.5045 2140.7483 494.1009
v  36.7210 2144.4731 494.1009
v  43.3857 2152.2178 494.1009
v  10.4048 2152.8982 494.1009
v  18.2144 2153.2075 494.1009
v  45.3531 2157.7249 494.1009
v  22.9219 2154.1355 494.1009
v  27.8688 2158.0095 494.1009
v  46.0088 2164.3840 494.1009
v  29.6610 2164.1431 494.1009
v  27.1472 2171.2446 494.1009
v  44.8717 2172.8987 494.1009
v  20.7817 2174.7417 494.1009
v  41.4579 2179.6853 494.1009
v  16.5161 2175.1453 494.1009
v  9.3878 2175.2800 494.1009
v  1.7387 2175.2800 494.1009
v  -14.1146 2188.5557 494.1009
v  23.2552 2188.2605 494.1009
v  11.3156 2188.5557 494.1009
v  30.1610 2187.3760 494.1009
v  36.3583 2184.5691 494.1009
v  -14.1146 2110.0000 494.1009
v  1.7387 2110.0000 494.1009
v  21.5584 2139.9043 494.0001
v  12.0698 2139.6228 494.0001
v  1.7387 2139.6228 494.0001
v  1.7387 2152.8982 494.0001
v  1.7387 2110.0000 494.0001
v  -14.1146 2110.0000 494.0001
v  -14.1146 2188.5557 494.0001
v  1.7387 2175.2800 494.0001
v  11.3156 2188.5557 494.0001
v  23.2552 2188.2605 494.0001
v  30.1610 2187.3760 494.0001
v  36.3583 2184.5691 494.0001
v  41.4579 2179.6853 494.0001
v  9.3878 2175.2800 494.0001
v  16.5161 2175.1453 494.0001
v  20.7817 2174.7417 494.0001
v  44.8717 2172.8987 494.0001
v  27.1472 2171.2446 494.0001
v  46.0088 2164.3840 494.0001
v  29.6610 2164.1431 494.0001
v  27.8688 2158.0095 494.0001
v  45.3531 2157.7249 494.0001
v  22.9219 2154.1355 494.0001
v  18.2144 2153.2075 494.0001
v  43.3857 2152.2178 494.0001
v  10.4048 2152.8982 494.0001
v  36.7210 2144.4731 494.0001
v  28.5045 2140.7483 494.0001
v  -27.5727 2110.0000 494.1009
v  -27.5727 2123.2756 494.1009
v  -71.4042 2123.2756 494.1009
v  -87.2575 2110.0000 494.1009
v  -32.0166 2144.6150 494.1009
v  -32.0166 2157.8904 494.1009
v  -71.4042 2157.8904 494.1009
v  -71.4042 2144.6150 494.1009
v  -71.4042 2175.2800 494.1009
v  -29.0540 2175.2800 494.1009
v  -29.0540 2188.5557 494.1009
v  -87.2575 2188.5557 494.1009
v  -71.4042 2157.8904 494.0001
v  -32.0166 2157.8904 494.0001
v  -32.0166 2144.6150 494.0001
v  -71.4042 2144.6150 494.0001
v  -71.4042 2123.2756 494.0001
v  -27.5727 2123.2756 494.0001
v  -27.5727 2110.0000 494.0001
v  -87.2575 2110.0000 494.0001
v  -87.2575 2188.5557 494.0001
v  -71.4042 2175.2800 494.0001
v  -29.0540 2188.5557 494.0001
v  -29.0540 2175.2800 494.0001
v  -98.8691 2110.0000 494.1009
v  -98.8691 2123.2756 494.1009
v  -138.3117 2123.2756 494.1009
v  -154.1650 2110.0000 494.1009
v  -138.3117 2187.8972 494.1009
v  -154.1650 2187.8972 494.1009
v  -154.1650 2187.8972 494.0001
v  -138.3117 2187.8972 494.0001
v  -138.3117 2123.2756 494.0001
v  -154.1650 2110.0000 494.0001
v  -98.8691 2123.2756 494.0001
v  -98.8691 2110.0000 494.0001
v  -168.0076 2110.0000 494.1009
v  -168.0076 2123.2756 494.1009
v  -211.8382 2123.2756 494.1009
v  -227.6915 2110.0000 494.1009
v  -172.4507 2144.6150 494.1009
v  -172.4507 2157.8904 494.1009
v  -211.8382 2157.8904 494.1009
v  -211.8382 2144.6150 494.1009
v  -211.8382 2175.2800 494.1009
v  -169.4881 2175.2800 494.1009
v  -169.4881 2188.5557 494.1009
v  -227.6915 2188.5557 494.1009
v  -211.8382 2157.8904 494.0001
v  -172.4507 2157.8904 494.0001
v  -172.4507 2144.6150 494.0001
v  -211.8382 2144.6150 494.0001
v  -211.8382 2123.2756 494.0001
v  -168.0076 2123.2756 494.0001
v  -168.0076 2110.0000 494.0001
v  -227.6915 2110.0000 494.0001
v  -227.6915 2188.5557 494.0001
v  -211.8382 2175.2800 494.0001
v  -169.4881 2188.5557 494.0001
v  -169.4881 2175.2800 494.0001
v  -261.4104 2175.2800 494.1009
v  -238.1514 2175.2800 494.1009
v  -238.1514 2188.5557 494.1009
v  -300.5786 2188.5557 494.1009
v  -300.5786 2175.2800 494.1009
v  -277.2645 2175.2800 494.1009
v  -277.2645 2110.0000 494.1009
v  -261.4104 2110.0000 494.1009
v  -277.2645 2175.2800 494.0001
v  -300.5786 2175.2800 494.0001
v  -300.5786 2188.5557 494.0001
v  -238.1514 2188.5557 494.0001
v  -238.1514 2175.2800 494.0001
v  -261.4104 2175.2800 494.0001
v  -261.4104 2110.0000 494.0001
v  -277.2645 2110.0000 494.0001
v  390.3676 2210.0000 494.0001
v  -325.6328 2210.0000 494.0001
v  -325.6328 2090.0000 494.0001
v  390.3676 2090.0000 494.0001
v  -460.1324 2250.0000 492.5009
v  -460.1324 2250.0000 -492.4994
v  -460.1324 2050.0000 -492.4994
v  -460.1324 2050.0000 492.5009
v  524.8672 2250.0000 -492.4994
v  524.8672 2050.0000 -492.4994
v  524.8672 2250.0000 492.5009
v  524.8672 2050.0000 492.5009
v  302.3676 1665.9854 499.9997
v  302.3676 1649.0146 499.9997
v  -237.6320 1649.0146 499.9997
v  -237.6320 1665.9854 499.9997
v  302.3676 1665.9854 508.4860
v  -237.6320 1665.9854 508.4860
v  302.3676 1649.0146 508.4860
v  -237.6320 1649.0146 508.4860
v  302.3676 1463.4852 499.9997
v  302.3676 1446.5146 499.9997
v  -237.6320 1446.5146 499.9997
v  -237.6320 1463.4852 499.9997
v  302.3676 1463.4852 508.4860
v  -237.6320 1463.4852 508.4860
v  302.3676 1446.5146 508.4860
v  -237.6320 1446.5146 508.4860
v  302.3676 1260.9852 499.9997
v  302.3676 1244.0148 499.9997
v  -237.6320 1244.0148 499.9997
v  -237.6320 1260.9852 499.9997
v  302.3676 1260.9852 508.4860
v  -237.6320 1260.9852 508.4860
v  302.3676 1244.0148 508.4860
v  -237.6320 1244.0148 508.4860
v  302.3676 1058.4854 499.9997
v  302.3676 1041.5146 499.9997
v  -237.6320 1041.5146 499.9997
v  -237.6320 1058.4854 499.9997
v  302.3676 1058.4854 508.4860
v  -237.6320 1058.4854 508.4860
v  302.3676 1041.5146 508.4860
v  -237.6320 1041.5146 508.4860
v  302.3676 855.9852 499.9997
v  302.3676 839.0147 499.9997
v  -237.6320 839.0147 499.9997
v  -237.6320 855.9852 499.9997
v  302.3676 855.9852 508.4860
v  -237.6320 855.9852 508.4860
v  302.3676 839.0147 508.4860
v  -237.6320 839.0147 508.4860
v  302.3676 653.4854 499.9997
v  302.3676 636.5148 499.9997
v  -237.6320 636.5148 499.9997
v  -237.6320 653.4854 499.9997
v  302.3676 653.4854 508.4860
v  -237.6320 653.4854 508.4860
v  302.3676 636.5148 508.4860
v  -237.6320 636.5148 508.4860
v  302.3676 450.9852 499.9997
v  302.3676 434.0146 499.9997
v  -237.6320 434.0146 499.9997
v  -237.6320 450.9852 499.9997
v  302.3676 450.9852 508.4860
v  -237.6320 450.9852 508.4860
v  302.3676 434.0146 508.4860
v  -237.6320 434.0146 508.4860
v  223.8825 1860.0000 499.9997
v  240.8527 1860.0000 499.9997
v  240.8527 240.0000 499.9997
v  223.8825 240.0000 499.9997
v  223.8825 1860.0000 508.4860
v  223.8825 240.0000 508.4860
v  240.8527 1860.0000 508.4860
v  240.8527 240.0000 508.4860
v  -176.1179 1860.0000 499.9997
v  -159.1469 1860.0000 499.9997
v  -159.1469 240.0000 499.9997
v  -176.1179 240.0000 499.9997
v  -176.1179 1860.0000 508.4860
v  -176.1179 240.0000 508.4860
v  -159.1469 1860.0000 508.4860
v  -159.1469 240.0000 508.4860
v  -467.6319 50.0001 381.9992
v  -479.6327 50.0001 369.9999
v  -467.6319 50.0001 358.0006
v  -467.6319 50.0001 -382.0007
v  -467.6319 50.0001 -358.0006
v  -479.6327 50.0001 -369.9999
v  -479.6327 1950.0000 369.9999
v  -467.6319 1937.9999 358.0006
v  -467.6319 1962.0000 381.9992
v  -479.6327 1950.0000 -369.9999
v  -467.6319 1937.9999 -358.0006
v  -467.6319 1962.0000 -382.0007
v  -467.6319 1872.0000 282.0006
v  -467.6319 228.0000 282.0006
v  -479.6327 240.0000 269.9998
v  -467.6319 1848.0000 258.0005
v  -467.6319 252.0000 258.0005
v  -467.6319 1872.0000 -281.9991
v  -467.6319 1848.0000 -257.9990
v  -467.6319 228.0000 -281.9991
v  -467.6319 252.0000 -257.9990
v  -479.6327 240.0000 -269.9998
v  -479.6327 1860.0000 269.9998
v  -479.6327 1860.0000 -269.9998
v  -466.6320 1860.0000 269.9998
v  -466.6320 1860.0000 -269.9998
v  -466.6320 240.0000 -269.9998
v  -466.6320 240.0000 269.9998
v  -237.6320 1665.9854 -499.9997
v  -237.6320 1649.0146 -499.9997
v  302.3676 1649.0146 -499.9997
v  302.3676 1665.9854 -499.9997
v  -237.6320 1665.9854 -508.4845
v  302.3676 1665.9854 -508.4845
v  -237.6320 1649.0146 -508.4845
v  302.3676 1649.0146 -508.4845
v  -237.6320 1463.4852 -499.9997
v  -237.6320 1446.5146 -499.9997
v  302.3676 1446.5146 -499.9997
v  302.3676 1463.4852 -499.9997
v  -237.6320 1463.4852 -508.4845
v  302.3676 1463.4852 -508.4845
v  -237.6320 1446.5146 -508.4845
v  302.3676 1446.5146 -508.4845
v  -237.6320 1260.9852 -499.9997
v  -237.6320 1244.0148 -499.9997
v  302.3676 1244.0148 -499.9997
v  302.3676 1260.9852 -499.9997
v  -237.6320 1260.9852 -508.4845
v  302.3676 1260.9852 -508.4845
v  -237.6320 1244.0148 -508.4845
v  302.3676 1244.0148 -508.4845
v  -237.6320 1058.4854 -499.9997
v  -237.6320 1041.5146 -499.9997
v  302.3676 1041.5146 -499.9997
v  302.3676 1058.4854 -499.9997
v  -237.6320 1058.4854 -508.4845
v  302.3676 1058.4854 -508.4845
v  -237.6320 1041.5146 -508.4845
v  302.3676 1041.5146 -508.4845
v  -237.6320 855.9852 -499.9997
v  -237.6320 839.0147 -499.9997
v  302.3676 839.0147 -499.9997
v  302.3676 855.9852 -499.9997
v  -237.6320 855.9852 -508.4845
v  302.3676 855.9852 -508.4845
v  -237.6320 839.0147 -508.4845
v  302.3676 839.0147 -508.4845
v  -237.6320 653.4854 -499.9997
v  -237.6320 636.5148 -499.9997
v  302.3676 636.5148 -499.9997
v  302.3676 653.4854 -499.9997
v  -237.6320 653.4854 -508.4845
v  302.3676 653.4854 -508.4845
v  -237.6320 636.5148 -508.4845
v  302.3676 636.5148 -508.4845
v  -237.6320 450.9852 -499.9997
v  -237.6320 434.0146 -499.9997
v  302.3676 434.0146 -499.9997
v  302.3676 450.9852 -499.9997
v  -237.6320 450.9852 -508.4845
v  302.3676 450.9852 -508.4845
v  -237.6320 434.0146 -508.4845
v  302.3676 434.0146 -508.4845
v  -159.1469 1860.0000 -499.9997
v  -176.1179 1860.0000 -499.9997
v  -176.1179 240.0000 -499.9997
v  -159.1469 240.0000 -499.9997
v  -159.1469 1860.0000 -508.4845
v  -159.1469 240.0000 -508.4845
v  -176.1179 1860.0000 -508.4845
v  -176.1179 240.0000 -508.4845
v  240.8527 1860.0000 -499.9997
v  223.8825 1860.0000 -499.9997
v  223.8825 240.0000 -499.9997
v  240.8527 240.0000 -499.9997
v  240.8527 1860.0000 -508.4845
v  240.8527 240.0000 -508.4845
v  223.8825 1860.0000 -508.4845
v  223.8825 240.0000 -508.4845
v  532.3676 50.0001 -382.0007
v  544.3676 50.0001 -369.9999
v  532.3676 50.0001 -358.0006
v  532.3676 50.0001 381.9992
v  532.3676 50.0001 358.0006
v  544.3676 50.0001 369.9999
v  544.3676 1950.0000 -369.9999
v  532.3676 1937.9999 -358.0006
v  532.3676 1962.0000 -382.0007
v  544.3676 1950.0000 369.9999
v  532.3676 1937.9999 358.0006
v  532.3676 1962.0000 381.9992
v  532.3676 1872.0000 -281.9991
v  532.3676 228.0000 -281.9991
v  544.3676 240.0000 -269.9998
v  532.3676 1848.0000 -257.9990
v  532.3676 252.0000 -257.9990
v  532.3676 1872.0000 282.0006
v  532.3676 1848.0000 258.0005
v  532.3676 228.0000 282.0006
v  532.3676 252.0000 258.0005
v  544.3676 240.0000 269.9998
v  544.3676 1860.0000 -269.9998
v  544.3676 1860.0000 269.9998
v  526.3679 1860.0000 -269.9998
v  526.3679 1860.0000 269.9998
v  526.3679 240.0000 269.9998
v  526.3679 240.0000 -269.9998
v  531.3676 1860.0000 -269.9998
v  531.3676 1860.0000 269.9998
v  531.3676 240.0000 269.9998
v  531.3676 240.0000 -269.9998
v  -467.6319 1665.9854 269.9998
v  -467.6319 1649.0146 269.9998
v  -467.6319 1649.0146 -269.9998
v  -467.6319 1665.9854 -269.9998
v  -476.1174 1665.9854 269.9998
v  -476.1174 1665.9854 -269.9998
v  -476.1174 1649.0146 269.9998
v  -476.1174 1649.0146 -269.9998
v  -467.6319 1463.4852 269.9998
v  -467.6319 1446.5146 269.9998
v  -467.6319 1446.5146 -269.9998
v  -467.6319 1463.4852 -269.9998
v  -476.1174 1463.4852 269.9998
v  -476.1174 1463.4852 -269.9998
v  -476.1174 1446.5146 269.9998
v  -476.1174 1446.5146 -269.9998
v  -467.6319 1260.9852 269.9998
v  -467.6319 1244.0148 269.9998
v  -467.6319 1244.0148 -269.9998
v  -467.6319 1260.9852 -269.9998
v  -476.1174 1260.9852 269.9998
v  -476.1174 1260.9852 -269.9998
v  -476.1174 1244.0148 269.9998
v  -476.1174 1244.0148 -269.9998
v  -467.6319 1058.4854 269.9998
v  -467.6319 1041.5146 269.9998
v  -467.6319 1041.5146 -269.9998
v  -467.6319 1058.4854 -269.9998
v  -476.1174 1058.4854 269.9998
v  -476.1174 1058.4854 -269.9998
v  -476.1174 1041.5146 269.9998
v  -476.1174 1041.5146 -269.9998
v  -467.6319 855.9852 269.9998
v  -467.6319 839.0147 269.9998
v  -467.6319 839.0147 -269.9998
v  -467.6319 855.9852 -269.9998
v  -476.1174 855.9852 269.9998
v  -476.1174 855.9852 -269.9998
v  -476.1174 839.0147 269.9998
v  -476.1174 839.0147 -269.9998
v  -467.6319 653.4854 269.9998
v  -467.6319 636.5148 269.9998
v  -467.6319 636.5148 -269.9998
v  -467.6319 653.4854 -269.9998
v  -476.1174 653.4854 269.9998
v  -476.1174 653.4854 -269.9998
v  -476.1174 636.5148 269.9998
v  -476.1174 636.5148 -269.9998
v  -467.6319 450.9852 269.9998
v  -467.6319 434.0146 269.9998
v  -467.6319 434.0146 -269.9998
v  -467.6319 450.9852 -269.9998
v  -476.1174 450.9852 269.9998
v  -476.1174 450.9852 -269.9998
v  -476.1174 434.0146 269.9998
v  -476.1174 434.0146 -269.9998
v  -467.6319 1860.0000 191.5147
v  -467.6319 1860.0000 208.4857
v  -467.6319 240.0000 208.4857
v  -467.6319 240.0000 191.5147
v  -476.1174 1860.0000 191.5147
v  -476.1174 240.0000 191.5147
v  -476.1174 1860.0000 208.4857
v  -476.1174 240.0000 208.4857
v  -467.6319 1860.0000 -208.4842
v  -467.6319 1860.0000 -191.5146
v  -467.6319 240.0000 -191.5146
v  -467.6319 240.0000 -208.4842
v  -476.1174 1860.0000 -208.4842
v  -476.1174 240.0000 -208.4842
v  -476.1174 1860.0000 -191.5146
v  -476.1174 240.0000 -191.5146
v  -349.6321 50.0001 -499.9997
v  -337.6321 50.0001 -512.0005
v  -325.6328 50.0001 -499.9997
v  414.3677 50.0001 -499.9997
v  390.3676 50.0001 -499.9997
v  402.3677 50.0001 -512.0005
v  -337.6321 1950.0000 -512.0005
v  -325.6328 1937.9999 -499.9997
v  -349.6321 1962.0000 -499.9997
v  402.3677 1950.0000 -512.0005
v  390.3676 1937.9999 -499.9997
v  414.3677 1962.0000 -499.9997
v  -249.6320 1872.0000 -499.9997
v  -249.6320 228.0000 -499.9997
v  -237.6320 240.0000 -512.0005
v  -225.6320 1848.0000 -499.9997
v  -225.6320 252.0000 -499.9997
v  314.3676 1872.0000 -499.9997
v  290.3676 1848.0000 -499.9997
v  314.3676 228.0000 -499.9997
v  290.3676 252.0000 -499.9997
v  302.3676 240.0000 -512.0005
v  -237.6320 1860.0000 -512.0005
v  302.3676 1860.0000 -512.0005
v  -237.6320 1860.0000 -498.9997
v  302.3676 1860.0000 -498.9997
v  302.3676 240.0000 -498.9997
v  -237.6320 240.0000 -498.9997
v  532.3676 1665.9854 -269.9998
v  532.3676 1649.0146 -269.9998
v  532.3676 1649.0146 269.9998
v  532.3676 1665.9854 269.9998
v  540.8530 1665.9854 -269.9998
v  540.8530 1665.9854 269.9998
v  540.8530 1649.0146 -269.9998
v  540.8530 1649.0146 269.9998
v  532.3676 1463.4852 -269.9998
v  532.3676 1446.5146 -269.9998
v  532.3676 1446.5146 269.9998
v  532.3676 1463.4852 269.9998
v  540.8530 1463.4852 -269.9998
v  540.8530 1463.4852 269.9998
v  540.8530 1446.5146 -269.9998
v  540.8530 1446.5146 269.9998
v  532.3676 1260.9852 -269.9998
v  532.3676 1244.0148 -269.9998
v  532.3676 1244.0148 269.9998
v  532.3676 1260.9852 269.9998
v  540.8530 1260.9852 -269.9998
v  540.8530 1260.9852 269.9998
v  540.8530 1244.0148 -269.9998
v  540.8530 1244.0148 269.9998
v  532.3676 1058.4854 -269.9998
v  532.3676 1041.5146 -269.9998
v  532.3676 1041.5146 269.9998
v  532.3676 1058.4854 269.9998
v  540.8530 1058.4854 -269.9998
v  540.8530 1058.4854 269.9998
v  540.8530 1041.5146 -269.9998
v  540.8530 1041.5146 269.9998
v  532.3676 855.9852 -269.9998
v  532.3676 839.0147 -269.9998
v  532.3676 839.0147 269.9998
v  532.3676 855.9852 269.9998
v  540.8530 855.9852 -269.9998
v  540.8530 855.9852 269.9998
v  540.8530 839.0147 -269.9998
v  540.8530 839.0147 269.9998
v  532.3676 653.4854 -269.9998
v  532.3676 636.5148 -269.9998
v  532.3676 636.5148 269.9998
v  532.3676 653.4854 269.9998
v  540.8530 653.4854 -269.9998
v  540.8530 653.4854 269.9998
v  540.8530 636.5148 -269.9998
v  540.8530 636.5148 269.9998
v  532.3676 450.9852 -269.9998
v  532.3676 434.0146 -269.9998
v  532.3676 434.0146 269.9998
v  532.3676 450.9852 269.9998
v  540.8530 450.9852 -269.9998
v  540.8530 450.9852 269.9998
v  540.8530 434.0146 -269.9998
v  540.8530 434.0146 269.9998
v  532.3676 1860.0000 -191.5146
v  532.3676 1860.0000 -208.4842
v  532.3676 240.0000 -208.4842
v  532.3676 240.0000 -191.5146
v  540.8530 1860.0000 -191.5146
v  540.8530 240.0000 -191.5146
v  540.8530 1860.0000 -208.4842
v  540.8530 240.0000 -208.4842
v  532.3676 1860.0000 208.4857
v  532.3676 1860.0000 191.5147
v  532.3676 240.0000 191.5147
v  532.3676 240.0000 208.4857
v  540.8530 1860.0000 208.4857
v  540.8530 240.0000 208.4857
v  540.8530 1860.0000 191.5147
v  540.8530 240.0000 191.5147
v  414.3677 50.0001 499.9997
v  402.3677 50.0001 512.0005
v  390.3676 50.0001 499.9997
v  -349.6321 50.0001 499.9997
v  -325.6328 50.0001 499.9997
v  -337.6321 50.0001 512.0005
v  402.3677 1950.0000 512.0005
v  390.3676 1937.9999 499.9997
v  414.3677 1962.0000 499.9997
v  -337.6321 1950.0000 512.0005
v  -325.6328 1937.9999 499.9997
v  -349.6321 1962.0000 499.9997
v  314.3676 1872.0000 499.9997
v  314.3676 228.0000 499.9997
v  302.3676 240.0000 512.0005
v  290.3676 1848.0000 499.9997
v  290.3676 252.0000 499.9997
v  -249.6320 1872.0000 499.9997
v  -225.6320 1848.0000 499.9997
v  -249.6320 228.0000 499.9997
v  -225.6320 252.0000 499.9997
v  -237.6320 240.0000 512.0005
v  302.3676 1860.0000 512.0005
v  -237.6320 1860.0000 512.0005
v  302.3676 1860.0000 498.9998
v  -237.6320 1860.0000 498.9998
v  -237.6320 240.0000 498.9998
v  302.3676 240.0000 498.9998
v  512.3679 240.0000 -269.9998
v  512.3679 240.0000 269.9998
v  532.3676 240.0000 269.9998
v  532.3676 240.0000 -269.9998
v  512.3679 1860.0000 -269.9998
v  532.3676 1860.0000 -269.9998
v  512.3679 1860.0000 269.9998
v  532.3676 1860.0000 269.9998
v  302.3676 1860.0000 -499.9997
v  302.3676 1860.0000 -479.9994
v  -237.6320 1860.0000 -479.9994
v  -237.6320 1860.0000 -499.9997
v  302.3676 240.0000 -499.9997
v  302.3676 240.0000 -479.9994
v  -237.6320 240.0000 -499.9997
v  -237.6320 240.0000 -479.9994
v  -447.6324 2050.0000 -479.9994
v  -447.6324 50.0001 -479.9994
v  512.3679 50.0001 -479.9994
v  512.3679 2050.0000 -479.9994
v  -237.6320 240.0000 480.0009
v  302.3676 240.0000 480.0009
v  512.3679 2050.0000 480.0009
v  512.3679 50.0001 480.0009
v  -447.6324 50.0001 480.0009
v  -447.6324 2050.0000 480.0009
v  -237.6320 1860.0000 480.0009
v  302.3676 1860.0000 480.0009
v  532.3676 2050.0000 499.9997
v  532.3676 50.0001 499.9997
v  532.3676 50.0001 -499.9997
v  532.3676 2050.0000 -499.9997
v  302.3676 240.0000 499.9997
v  302.3676 1860.0000 499.9997
v  -237.6320 1860.0000 499.9997
v  -237.6320 240.0000 499.9997
v  -447.6324 240.0000 -269.9998
v  -447.6324 240.0000 269.9998
v  -447.6324 1860.0000 -269.9998
v  -447.6324 1860.0000 269.9998
v  -467.6319 50.0001 -499.9997
v  -467.6319 50.0001 499.9997
v  -467.6319 2050.0000 -499.9997
v  -467.6319 2050.0000 499.9997
v  -467.6319 240.0000 269.9998
v  -467.6319 1860.0000 269.9998
v  -467.6319 1860.0000 -269.9998
v  -467.6319 240.0000 -269.9998
v  527.3678 50.1500 -495.0000
v  -462.6322 50.1500 -495.0000
v  -462.6322 50.1500 495.0000
v  527.3678 50.1500 495.0000
v  -462.6322 50.0001 495.0000
v  -462.6322 50.0001 -495.0000
v  -462.6322 0.0000 -495.0000
v  -462.6322 0.0000 495.0000
v  527.3678 50.0001 -495.0000
v  527.3678 0.0000 -495.0000
v  527.3678 50.0001 495.0000
v  527.3678 0.0000 495.0000
# 1937 vertices

vn 1.0000 0.0000 -0.0000
vn 0.7373 -0.6756 -0.0000
vn 0.6174 -0.7867 -0.0000
vn 0.5870 -0.7479 0.3100
vn 0.7035 -0.6446 0.2992
vn 0.9153 -0.4028 0.0000
vn 0.8734 -0.3843 0.2993
vn 0.9962 -0.0872 -0.0000
vn 0.9506 -0.0832 0.2992
vn 0.9713 0.2377 -0.0000
vn 0.9268 0.2268 0.2993
vn 0.8434 0.5373 0.0000
vn 0.8047 0.5127 0.2992
vn 0.6259 0.7799 -0.0000
vn 0.5972 0.7442 0.2993
vn 0.4905 0.8714 -0.0000
vn 0.4671 0.8299 0.3052
vn 0.4992 -0.6360 0.5885
vn 0.6055 -0.5548 0.5706
vn 0.7517 -0.3307 0.5706
vn 0.8181 -0.0716 0.5705
vn 0.7977 0.1952 0.5706
vn 0.6926 0.4412 0.5706
vn 0.5140 0.6405 0.5706
vn 0.3992 0.7093 0.5809
vn 0.2020 -0.5744 0.7932
vn 0.2953 -0.5382 0.7894
vn 0.4339 -0.5946 0.6769
vn 0.4526 -0.4147 0.7894
vn 0.5619 -0.2472 0.7894
vn 0.6116 -0.0535 0.7894
vn 0.5963 0.1459 0.7894
vn 0.5178 0.3298 0.7894
vn 0.3843 0.4788 0.7894
vn 0.2935 0.5214 0.8013
vn 0.1132 -0.3220 0.9400
vn 0.1691 -0.3083 0.9362
vn 0.2592 -0.2375 0.9361
vn 0.3218 -0.1416 0.9362
vn 0.3503 -0.0306 0.9362
vn 0.3415 0.0836 0.9361
vn 0.2965 0.1889 0.9361
vn 0.2201 0.2742 0.9362
vn 0.1602 0.2846 0.9452
vn 0.0144 -0.0409 0.9991
vn 0.0285 -0.0519 0.9982
vn 0.0437 -0.0400 0.9982
vn 0.0542 -0.0239 0.9982
vn 0.0590 -0.0052 0.9982
vn 0.0576 0.0141 0.9982
vn 0.0500 0.0318 0.9982
vn 0.0371 0.0462 0.9982
vn 0.0131 0.0233 0.9996
vn -0.0850 0.2417 0.9666
vn -0.1141 0.2079 0.9715
vn -0.1748 0.1602 0.9715
vn -0.2171 0.0955 0.9715
vn -0.2362 0.0207 0.9715
vn -0.2304 -0.0564 0.9715
vn -0.2000 -0.1274 0.9715
vn -0.1484 -0.1850 0.9715
vn -0.1336 -0.2374 0.9622
vn -0.1756 0.4993 0.8484
vn -0.2460 0.4484 0.8593
vn -0.3771 0.3455 0.8593
vn -0.4682 0.2060 0.8593
vn -0.5095 0.0446 0.8593
vn -0.4968 -0.1216 0.8593
vn -0.4313 -0.2748 0.8593
vn -0.3201 -0.3989 0.8593
vn -0.2661 -0.4727 0.8401
vn -0.2496 0.7098 0.6586
vn -0.3559 0.6488 0.6726
vn -0.5456 0.5000 0.6725
vn -0.6774 0.2980 0.6726
vn -0.7372 0.0645 0.6725
vn -0.7188 -0.1759 0.6726
vn -0.6242 -0.3976 0.6726
vn -0.4632 -0.5771 0.6726
vn -0.3733 -0.6631 0.6488
vn -0.3016 0.8578 0.4162
vn -0.4347 0.7924 0.4280
vn -0.6664 0.6106 0.4279
vn -0.8273 0.3640 0.4279
vn -0.9004 0.0788 0.4280
vn -0.8779 -0.2148 0.4279
vn -0.7623 -0.4856 0.4279
vn -0.5657 -0.7049 0.4279
vn -0.4478 -0.7955 0.4082
vn -0.3284 0.9338 0.1422
vn -0.4758 0.8672 0.1468
vn -0.7293 0.6683 0.1468
vn -0.9054 0.3984 0.1468
vn -0.9854 0.0862 0.1468
vn -0.9608 -0.2351 0.1468
vn -0.8343 -0.5315 0.1468
vn -0.6191 -0.7714 0.1468
vn -0.4857 -0.8630 0.1391
vn -0.3284 0.9338 -0.1422
vn -0.4758 0.8672 -0.1468
vn -0.7293 0.6683 -0.1468
vn -0.9054 0.3984 -0.1468
vn -0.9854 0.0862 -0.1468
vn -0.9608 -0.2351 -0.1468
vn -0.8343 -0.5315 -0.1468
vn -0.6191 -0.7714 -0.1468
vn -0.4857 -0.8630 -0.1391
vn -0.3016 0.8578 -0.4162
vn -0.4347 0.7924 -0.4280
vn -0.6664 0.6106 -0.4279
vn -0.8273 0.3640 -0.4279
vn -0.9004 0.0788 -0.4280
vn -0.8779 -0.2148 -0.4279
vn -0.7623 -0.4856 -0.4279
vn -0.5657 -0.7049 -0.4279
vn -0.4478 -0.7955 -0.4082
vn -0.2496 0.7099 -0.6586
vn -0.3560 0.6489 -0.6725
vn -0.5457 0.5000 -0.6724
vn -0.6775 0.2981 -0.6725
vn -0.7373 0.0645 -0.6724
vn -0.7189 -0.1759 -0.6725
vn -0.6242 -0.3977 -0.6725
vn -0.4633 -0.5772 -0.6725
vn -0.3733 -0.6632 -0.6488
vn -0.1756 0.4993 -0.8484
vn -0.2460 0.4484 -0.8593
vn -0.3771 0.3455 -0.8593
vn -0.4682 0.2060 -0.8593
vn -0.5095 0.0446 -0.8593
vn -0.4968 -0.1216 -0.8593
vn -0.4313 -0.2748 -0.8593
vn -0.3201 -0.3989 -0.8593
vn -0.2661 -0.4727 -0.8401
vn -0.0850 0.2417 -0.9666
vn -0.1141 0.2079 -0.9715
vn -0.1748 0.1602 -0.9715
vn -0.2171 0.0955 -0.9715
vn -0.2362 0.0207 -0.9715
vn -0.2303 -0.0564 -0.9715
vn -0.2000 -0.1274 -0.9715
vn -0.1484 -0.1849 -0.9715
vn -0.1336 -0.2373 -0.9622
vn 0.0144 -0.0409 -0.9991
vn 0.0285 -0.0519 -0.9982
vn 0.0437 -0.0400 -0.9982
vn 0.0542 -0.0239 -0.9982
vn 0.0590 -0.0052 -0.9982
vn 0.0575 0.0141 -0.9982
vn 0.0499 0.0318 -0.9982
vn 0.0371 0.0462 -0.9982
vn 0.0131 0.0232 -0.9996
vn 0.1133 -0.3223 -0.9398
vn 0.1693 -0.3085 -0.9360
vn 0.2595 -0.2377 -0.9360
vn 0.3221 -0.1417 -0.9360
vn 0.3506 -0.0307 -0.9360
vn 0.3418 0.0836 -0.9360
vn 0.2968 0.1891 -0.9360
vn 0.2203 0.2744 -0.9360
vn 0.1604 0.2849 -0.9450
vn 0.2019 -0.5743 -0.7934
vn 0.2952 -0.5382 -0.7894
vn 0.4526 -0.4148 -0.7894
vn 0.5619 -0.2473 -0.7894
vn 0.6116 -0.0535 -0.7894
vn 0.5964 0.1459 -0.7893
vn 0.5178 0.3299 -0.7894
vn 0.3843 0.4788 -0.7893
vn 0.2935 0.5215 -0.8012
vn 0.4311 -0.5957 -0.6777
vn 0.4990 -0.6360 -0.5887
vn 0.6054 -0.5548 -0.5707
vn 0.7516 -0.3307 -0.5707
vn 0.8181 -0.0716 -0.5707
vn 0.7976 0.1952 -0.5707
vn 0.6926 0.4412 -0.5707
vn 0.5140 0.6404 -0.5707
vn 0.3992 0.7092 -0.5811
vn 0.5870 -0.7479 -0.3100
vn 0.7035 -0.6446 -0.2992
vn 0.8734 -0.3843 -0.2993
vn 0.9506 -0.0832 -0.2992
vn 0.9268 0.2268 -0.2993
vn 0.8047 0.5127 -0.2992
vn 0.5972 0.7442 -0.2993
vn 0.4671 0.8299 -0.3052
vn 0.0000 1.0000 -0.0000
vn -1.0000 0.0000 -0.0000
vn 0.0000 -1.0000 -0.0000
vn 0.0000 0.0000 -1.0000
vn 0.0000 0.0000 1.0000
vn -0.9487 0.3162 -0.0000
vn 0.2664 0.9466 0.1816
vn 0.3592 0.8907 0.2788
vn 0.4296 0.8909 0.1474
vn 0.3080 0.9466 0.0950
vn 0.2010 0.9466 0.2520
vn 0.3074 0.8906 0.3352
vn 0.3358 0.8889 0.3115
vn 0.1178 0.9466 0.3001
vn 0.1823 0.8909 0.4161
vn 0.0241 0.9466 0.3215
vn 0.0375 0.8910 0.4524
vn -0.0717 0.9466 0.3143
vn -0.1114 0.8910 0.4402
vn -0.1612 0.9466 0.2792
vn -0.2482 0.8907 0.3808
vn -0.2363 0.9466 0.2193
vn -0.3090 0.8905 0.3340
vn -0.2856 0.8889 0.3581
vn -0.2856 0.8889 0.3582
vn -0.2904 0.9466 0.1399
vn -0.3998 0.8908 0.2160
vn -0.3188 0.9466 0.0480
vn -0.4478 0.8910 0.0747
vn -0.3188 0.9466 -0.0480
vn -0.4478 0.8910 -0.0747
vn -0.2904 0.9466 -0.1399
vn -0.3998 0.8908 -0.2160
vn -0.2363 0.9466 -0.2193
vn -0.3090 0.8905 -0.3340
vn -0.1612 0.9466 -0.2792
vn -0.2482 0.8907 -0.3808
vn -0.2856 0.8889 -0.3581
vn -0.0717 0.9466 -0.3143
vn -0.1114 0.8910 -0.4402
vn 0.0241 0.9466 -0.3215
vn 0.0375 0.8910 -0.4525
vn 0.1178 0.9466 -0.3001
vn 0.1823 0.8909 -0.4161
vn 0.2010 0.9466 -0.2520
vn 0.3074 0.8906 -0.3352
vn 0.2664 0.9466 -0.1816
vn 0.3592 0.8907 -0.2788
vn 0.3358 0.8889 -0.3115
vn 0.3080 0.9466 -0.0950
vn 0.4296 0.8909 -0.1474
vn 0.3224 0.9466 -0.0000
vn 0.4540 0.8910 -0.0000
vn 0.8236 0.5669 -0.0168
vn 0.7069 -0.0067 -0.7073
vn 0.5976 -0.6491 -0.4707
vn -0.4472 0.0000 -0.8944
vn 0.2242 0.6891 -0.6891
vn 0.5955 -0.5680 0.5681
vn 0.2158 -0.8548 -0.4720
vn 0.3710 -0.1992 0.9070
vn -0.8401 -0.5110 0.1818
vn -0.9637 0.1888 0.1888
vn -0.7071 0.0000 0.7071
vn -0.9637 0.1888 -0.1888
vn 0.0000 0.5226 0.8526
vn 0.0000 -0.5249 -0.8512
vn 0.0000 0.0023 1.0000
vn 0.0000 0.3096 0.9509
vn 0.0000 0.6572 0.7537
vn 0.0000 0.9148 0.4038
vn 0.0000 1.0000 0.0005
vn 0.0000 0.9150 -0.4035
vn 0.0000 0.6542 -0.7563
vn 0.0000 0.3041 -0.9526
vn 0.0000 0.0008 -1.0000
vn 0.0000 -0.3022 -0.9532
vn 0.0000 -0.6573 -0.7536
vn 0.0000 -0.9189 -0.3944
vn 0.0000 -1.0000 0.0009
vn 0.0000 -0.9183 0.3959
vn 0.0000 -0.6575 0.7535
vn 0.0000 -0.3037 0.9528
vn 0.0000 -0.0088 -1.0000
vn 0.0000 0.1833 -0.9831
vn 0.0000 0.3874 -0.9219
vn 0.0000 0.5618 -0.8273
vn 0.0000 0.6992 -0.7149
vn 0.0000 0.8223 -0.5691
vn 0.0000 0.9230 -0.3849
vn 0.0000 0.9827 -0.1851
vn 0.0000 0.9999 0.0122
vn 0.0000 0.9713 0.2377
vn 0.0000 0.8706 0.4920
vn 0.0000 0.6932 0.7208
vn 0.0000 0.4596 0.8881
vn 0.0000 0.2145 0.9767
vn 0.0000 -0.2144 0.9767
vn 0.0000 -0.4586 0.8886
vn 0.0000 -0.6918 0.7221
vn 0.0000 -0.8699 0.4932
vn 0.0000 -0.9712 0.2381
vn 0.0000 -0.9720 -0.2352
vn 0.0000 -0.8719 -0.4896
vn 0.0000 -0.6945 -0.7195
vn 0.0000 -0.4616 -0.8871
vn 0.0000 -0.2165 -0.9763
vn 0.0000 0.9998 -0.0198
vn 0.0000 0.9931 -0.1169
vn 0.0000 0.9092 -0.4164
vn 0.0000 0.7873 -0.6165
vn 0.0000 0.2805 -0.9599
vn 0.0000 -0.3338 -0.9426
vn 0.0000 -0.8764 -0.4816
vn 0.0000 -0.9558 -0.2940
vn 0.0000 -0.9984 -0.0566
vn 0.0000 -1.0000 -0.0094
vn 0.0000 0.9999 0.0123
vn 0.0000 0.9971 0.0760
vn 0.0000 0.9621 0.2729
vn 0.0000 0.8284 0.5601
vn 0.0000 0.5944 0.8042
vn 0.0000 0.2949 0.9555
vn 0.0000 0.0173 0.9998
vn 0.0000 -0.2188 0.9758
vn 0.0000 -0.5028 0.8644
vn 0.0000 -0.8004 0.5995
vn 0.0000 -0.9629 0.2699
vn 0.0000 -0.9972 0.0752
vn 0.0000 -0.9999 0.0148
vn -0.8236 0.5669 0.0168
vn -0.7069 -0.0067 0.7073
vn -0.5976 -0.6491 0.4707
vn 0.7071 0.0000 0.7071
vn -0.2242 0.6891 0.6891
vn -0.5955 -0.5680 -0.5681
vn -0.2158 -0.8548 0.4720
vn -0.3710 -0.1992 -0.9070
vn 0.8402 -0.5110 -0.1818
vn 0.9637 0.1888 -0.1888
vn 0.7071 0.0000 -0.7071
vn 0.9637 0.1888 0.1888
vn 0.0000 0.5226 -0.8526
vn 0.0000 -0.5249 0.8512
vn 0.0000 0.0024 -1.0000
vn 0.0000 0.3096 -0.9509
vn 0.0000 0.6572 -0.7537
vn 0.0000 0.9148 -0.4038
vn 0.0000 1.0000 -0.0005
vn 0.0000 0.9150 0.4035
vn 0.0000 0.6542 0.7563
vn 0.0000 0.3041 0.9526
vn 0.0000 0.0009 1.0000
vn 0.0000 -0.3022 0.9532
vn 0.0000 -0.6573 0.7536
vn 0.0000 -0.9189 0.3944
vn 0.0000 -1.0000 -0.0009
vn 0.0000 -0.9183 -0.3959
vn 0.0000 -0.6575 -0.7535
vn 0.0000 -0.3037 -0.9528
vn 0.0000 -0.0088 1.0000
vn 0.0000 0.1833 0.9830
vn 0.0000 0.3873 0.9219
vn 0.0000 0.5618 0.8273
vn 0.0000 0.6993 0.7149
vn 0.0000 0.8222 0.5691
vn 0.0000 0.9230 0.3849
vn 0.0000 0.9827 0.1851
vn 0.0000 0.9999 -0.0122
vn 0.0000 0.9713 -0.2377
vn 0.0000 0.8706 -0.4920
vn 0.0000 0.6931 -0.7208
vn 0.0000 0.4595 -0.8882
vn 0.0000 0.2146 -0.9767
vn 0.0000 -0.2143 -0.9768
vn 0.0000 -0.4586 -0.8886
vn 0.0000 -0.6918 -0.7221
vn 0.0000 -0.8699 -0.4932
vn 0.0000 -0.9712 -0.2381
vn 0.0000 -0.9720 0.2352
vn 0.0000 -0.8719 0.4896
vn 0.0000 -0.6945 0.7195
vn 0.0000 -0.4617 0.8871
vn 0.0000 -0.2166 0.9763
vn 0.0000 0.9998 0.0198
vn 0.0000 0.9931 0.1169
vn 0.0000 0.9092 0.4164
vn 0.0000 0.7874 0.6164
vn 0.0000 0.2805 0.9599
vn 0.0000 -0.3338 0.9426
vn 0.0000 -0.8764 0.4815
vn 0.0000 -0.9558 0.2939
vn 0.0000 -0.9984 0.0566
vn 0.0000 -1.0000 0.0094
vn 0.0000 0.9999 -0.0123
vn 0.0000 0.9971 -0.0760
vn 0.0000 0.9621 -0.2728
vn 0.0000 0.8284 -0.5601
vn 0.0000 0.5944 -0.8042
vn 0.0000 0.2949 -0.9555
vn 0.0000 0.0174 -0.9998
vn 0.0000 -0.2189 -0.9758
vn 0.0000 -0.5029 -0.8644
vn 0.0000 -0.8003 -0.5996
vn 0.0000 -0.9629 -0.2699
vn 0.0000 -0.9972 -0.0752
vn 0.0000 -0.9999 -0.0148
vn 0.0168 0.5669 0.8236
vn 0.7073 -0.0067 0.7069
vn 0.4707 -0.6491 0.5976
vn 0.5547 0.0000 -0.8321
vn 0.6891 0.6891 0.2242
vn -0.5681 -0.5681 0.5955
vn 0.4720 -0.8548 0.2158
vn -0.9070 -0.1993 0.3710
vn -0.1818 -0.5110 -0.8402
vn -0.1888 0.1888 -0.9637
vn -0.7071 0.0000 -0.7071
vn 0.1888 0.1888 -0.9637
vn -0.8526 0.5226 -0.0000
vn 0.8512 -0.5249 -0.0000
vn -1.0000 0.0023 -0.0000
vn -0.9509 0.3096 -0.0000
vn -0.7537 0.6572 -0.0000
vn -0.4038 0.9148 -0.0000
vn -0.0005 1.0000 -0.0000
vn 0.4035 0.9150 -0.0000
vn 0.7563 0.6542 -0.0000
vn 0.9526 0.3041 -0.0000
vn 1.0000 0.0008 -0.0000
vn 0.9532 -0.3022 -0.0000
vn 0.7536 -0.6573 -0.0000
vn 0.3944 -0.9189 -0.0000
vn -0.0009 -1.0000 -0.0000
vn -0.3959 -0.9183 -0.0000
vn -0.7535 -0.6575 -0.0000
vn -0.9528 -0.3037 -0.0000
vn 1.0000 -0.0088 -0.0000
vn 0.9831 0.1833 -0.0000
vn 0.9219 0.3874 -0.0000
vn 0.8273 0.5618 -0.0000
vn 0.7149 0.6992 -0.0000
vn 0.5691 0.8223 -0.0000
vn 0.3849 0.9230 -0.0000
vn 0.1851 0.9827 -0.0000
vn -0.0122 0.9999 -0.0000
vn -0.2376 0.9714 -0.0000
vn -0.4920 0.8706 -0.0000
vn -0.7208 0.6931 -0.0000
vn -0.8882 0.4595 -0.0000
vn -0.9767 0.2145 -0.0000
vn -0.9768 -0.2143 -0.0000
vn -0.8886 -0.4586 -0.0000
vn -0.7221 -0.6918 -0.0000
vn -0.4932 -0.8699 -0.0000
vn -0.2381 -0.9712 -0.0000
vn 0.2352 -0.9720 -0.0000
vn 0.4896 -0.8719 -0.0000
vn 0.7195 -0.6945 -0.0000
vn 0.8871 -0.4616 -0.0000
vn 0.9763 -0.2166 -0.0000
vn 0.0198 0.9998 -0.0000
vn 0.1169 0.9931 -0.0000
vn 0.4164 0.9092 -0.0000
vn 0.6165 0.7874 -0.0000
vn 0.9599 0.2805 -0.0000
vn 0.9427 -0.3337 -0.0000
vn 0.4815 -0.8764 -0.0000
vn 0.2939 -0.9558 -0.0000
vn 0.0566 -0.9984 -0.0000
vn 0.0094 -1.0000 -0.0000
vn -0.0123 0.9999 -0.0000
vn -0.0760 0.9971 -0.0000
vn -0.2728 0.9621 -0.0000
vn -0.5601 0.8284 -0.0000
vn -0.8042 0.5944 -0.0000
vn -0.9555 0.2950 -0.0000
vn -0.9998 0.0173 -0.0000
vn -0.9758 -0.2188 -0.0000
vn -0.8644 -0.5028 -0.0000
vn -0.5995 -0.8004 -0.0000
vn -0.2699 -0.9629 -0.0000
vn -0.0752 -0.9972 -0.0000
vn -0.0148 -0.9999 -0.0000
vn -0.0168 0.5669 -0.8236
vn -0.7072 -0.0067 -0.7069
vn -0.4707 -0.6491 -0.5976
vn -0.6891 0.6891 -0.2242
vn 0.5681 -0.5681 -0.5955
vn -0.4720 -0.8548 -0.2158
vn 0.9070 -0.1992 -0.3710
vn 0.1818 -0.5110 0.8402
vn 0.1888 0.1888 0.9637
vn -0.1888 0.1888 0.9637
vn 0.8526 0.5226 -0.0000
vn -0.8512 -0.5249 -0.0000
vn 1.0000 0.0024 -0.0000
vn 0.9509 0.3096 -0.0000
vn 0.7537 0.6572 -0.0000
vn 0.4038 0.9148 -0.0000
vn 0.0005 1.0000 -0.0000
vn -0.4035 0.9150 -0.0000
vn -0.7563 0.6542 -0.0000
vn -0.9526 0.3041 -0.0000
vn -1.0000 0.0008 -0.0000
vn -0.9532 -0.3022 -0.0000
vn -0.7536 -0.6573 -0.0000
vn -0.3944 -0.9189 -0.0000
vn 0.0009 -1.0000 -0.0000
vn 0.3959 -0.9183 -0.0000
vn 0.7535 -0.6575 -0.0000
vn 0.9528 -0.3037 -0.0000
vn -1.0000 -0.0088 -0.0000
vn -0.9830 0.1833 -0.0000
vn -0.9219 0.3874 -0.0000
vn -0.8273 0.5618 -0.0000
vn -0.7149 0.6992 -0.0000
vn -0.5691 0.8223 -0.0000
vn -0.3849 0.9230 -0.0000
vn -0.1851 0.9827 -0.0000
vn 0.0122 0.9999 -0.0000
vn 0.2376 0.9714 -0.0000
vn 0.4920 0.8706 -0.0000
vn 0.7208 0.6931 -0.0000
vn 0.8882 0.4595 -0.0000
vn 0.9767 0.2146 -0.0000
vn 1.0000 -0.0000 -0.0000
vn 0.9768 -0.2143 -0.0000
vn 0.8887 -0.4586 -0.0000
vn 0.7221 -0.6918 -0.0000
vn 0.4932 -0.8699 -0.0000
vn 0.2381 -0.9712 -0.0000
vn -0.2352 -0.9720 -0.0000
vn -0.4896 -0.8719 -0.0000
vn -0.7195 -0.6945 -0.0000
vn -0.8871 -0.4616 -0.0000
vn -0.9763 -0.2166 -0.0000
vn -0.0198 0.9998 -0.0000
vn -0.1168 0.9931 -0.0000
vn -0.4164 0.9092 -0.0000
vn -0.6165 0.7873 -0.0000
vn -0.9599 0.2805 -0.0000
vn -0.9427 -0.3337 -0.0000
vn -0.4815 -0.8764 -0.0000
vn -0.2940 -0.9558 -0.0000
vn -0.0566 -0.9984 -0.0000
vn -0.0094 -1.0000 -0.0000
vn 0.0123 0.9999 -0.0000
vn 0.0760 0.9971 -0.0000
vn 0.2728 0.9621 -0.0000
vn 0.5601 0.8284 -0.0000
vn 0.8042 0.5944 -0.0000
vn 0.9555 0.2950 -0.0000
vn 0.9999 0.0173 -0.0000
vn 0.9758 -0.2188 -0.0000
vn 0.8644 -0.5028 -0.0000
vn 0.5995 -0.8004 -0.0000
vn 0.2699 -0.9629 -0.0000
vn 0.0752 -0.9972 -0.0000
vn 0.0148 -0.9999 -0.0000
vn 0.0000 0.7071 0.7071
vn 0.0000 -0.7071 0.7071
vn 0.3827 0.0000 -0.9239
vn 0.5955 -0.5680 -0.5681
vn 0.3827 0.0000 0.9239
vn 0.2242 0.6891 0.6891
vn -1.0000 0.0000 0.0000
vn 0.8007 0.5990 -0.0014
vn 0.7071 -0.0001 -0.7071
vn 0.5964 -0.5753 -0.5598
vn 0.5955 -0.5681 0.5680
vn 0.3710 -0.1993 0.9070
vn -0.8402 -0.5110 0.1817
vn 0.0000 0.7071 -0.7071
vn 0.0000 -0.7071 -0.7071
vn -0.3827 0.0000 0.9239
vn 1.0000 0.0000 0.0000
vn -0.5955 -0.5680 0.5681
vn -0.3827 0.0000 -0.9239
vn -0.2242 0.6891 -0.6891
vn -0.8007 0.5990 0.0014
vn -0.7071 -0.0001 0.7071
vn -0.5963 -0.5754 0.5598
vn -0.7071 0.7071 -0.0000
vn -0.7071 -0.7071 -0.0000
vn 0.9239 0.0000 0.3827
vn 0.5681 -0.5680 0.5955
vn -0.9239 0.0000 0.3827
vn -0.6891 0.6891 0.2242
vn -0.0000 0.0000 -1.0000
vn 0.0014 0.5990 0.8007
vn 0.7071 -0.0001 0.7071
vn 0.5598 -0.5753 0.5964
vn 0.7071 0.7071 -0.0000
vn 0.7071 -0.7071 -0.0000
vn -0.9239 0.0000 -0.3827
vn -0.0000 0.0000 1.0000
vn -0.5681 -0.5681 -0.5955
vn 0.9239 0.0000 -0.3827
vn 0.6891 0.6891 -0.2242
vn 0.5681 -0.5680 -0.5955
vn -0.0014 0.5990 -0.8007
vn -0.7071 -0.0001 -0.7071
vn -0.5598 -0.5753 -0.5964
vn 0.9070 -0.1993 -0.3710
# 592 vertex normals

vt 3.3917 14.4722 0.0000
vt 3.3930 14.4679 0.0000
vt 3.3930 14.4634 0.0000
vt 3.3917 14.4592 0.0000
vt 3.3637 14.4612 0.0000
vt 3.3629 14.4657 0.0000
vt 3.3637 14.4701 0.0000
vt 3.3660 14.4572 0.0000
vt 3.3660 14.4741 0.0000
vt 3.3676 14.4557 0.0000
vt 3.3676 14.4756 0.0000
vt 3.3693 14.4539 0.0000
vt 3.3693 14.4774 0.0000
vt 3.3731 14.4517 0.0000
vt 3.3731 14.4796 0.0000
vt 3.3774 14.4507 0.0000
vt 3.3774 14.4806 0.0000
vt 3.3817 14.4510 0.0000
vt 3.3817 14.4803 0.0000
vt 3.3858 14.4527 0.0000
vt 3.3858 14.4787 0.0000
vt 3.3893 14.4555 0.0000
vt 3.3893 14.4759 0.0000
vt 3.2102 14.4657 0.0000
vt 3.2095 14.4612 0.0000
vt 3.2074 14.4572 0.0000
vt 3.2042 14.4539 0.0000
vt 3.2001 14.4517 0.0000
vt 3.1954 14.4507 0.0000
vt 3.1907 14.4510 0.0000
vt 3.1863 14.4527 0.0000
vt 3.1825 14.4555 0.0000
vt 3.1799 14.4592 0.0000
vt 3.1785 14.4634 0.0000
vt 3.1785 14.4679 0.0000
vt 3.1799 14.4722 0.0000
vt 3.1825 14.4759 0.0000
vt 3.1863 14.4787 0.0000
vt 3.1907 14.4803 0.0000
vt 3.1954 14.4806 0.0000
vt 3.2001 14.4796 0.0000
vt 3.2042 14.4774 0.0000
vt 3.2074 14.4741 0.0000
vt 3.2095 14.4701 0.0000
vt 3.3387 14.4657 0.0000
vt 3.3390 14.4612 0.0000
vt 3.3086 14.4657 0.0000
vt 3.3086 14.4612 0.0000
vt 3.2778 14.4657 0.0000
vt 3.2776 14.4612 0.0000
vt 3.2496 14.4657 0.0000
vt 3.2492 14.4612 0.0000
vt 14.4657 -5.9355 0.0000
vt 14.4612 -5.9351 0.0000
vt 14.4657 -5.9628 0.0000
vt 14.4612 -5.9626 0.0000
vt 3.3397 14.4572 0.0000
vt 3.3088 14.4572 0.0000
vt 3.2771 14.4572 0.0000
vt 3.2481 14.4572 0.0000
vt 14.4572 -5.9339 0.0000
vt 14.4572 -5.9620 0.0000
vt 3.3687 -5.9177 0.0000
vt 3.3409 -5.9004 0.0000
vt 3.3090 -5.8929 0.0000
vt 3.2763 -5.8961 0.0000
vt 3.2465 -5.9097 0.0000
vt 3.2225 -5.9321 0.0000
vt 3.2071 -5.9610 0.0000
vt 3.3713 -5.9148 0.0000
vt 3.3424 -5.8968 0.0000
vt 3.3092 -5.8891 0.0000
vt 3.2753 -5.8924 0.0000
vt 3.2443 -5.9064 0.0000
vt 3.2194 -5.9297 0.0000
vt 3.2034 -5.9597 0.0000
vt 3.3742 -5.9115 0.0000
vt 3.3440 -5.8928 0.0000
vt 3.3095 -5.8847 0.0000
vt 3.2742 -5.8882 0.0000
vt 3.2419 -5.9028 0.0000
vt 3.2160 -5.9271 0.0000
vt 3.1993 -5.9583 0.0000
vt 3.3771 -5.9081 0.0000
vt 3.3457 -5.8886 0.0000
vt 3.3098 -5.8803 0.0000
vt 3.2730 -5.8839 0.0000
vt 3.2394 -5.8991 0.0000
vt 3.2125 -5.9244 0.0000
vt 3.1950 -5.9569 0.0000
vt 3.3798 -5.9050 0.0000
vt 3.3473 -5.8848 0.0000
vt 3.3101 -5.8761 0.0000
vt 3.2720 -5.8799 0.0000
vt 3.2371 -5.8956 0.0000
vt 3.2091 -5.9218 0.0000
vt 3.1911 -5.9556 0.0000
vt 3.3821 -5.9024 0.0000
vt 3.3487 -5.8816 0.0000
vt 3.3103 14.4555 0.0000
vt 3.2711 14.4555 0.0000
vt 3.2351 -5.8927 0.0000
vt 3.2064 -5.9197 0.0000
vt 14.4555 -5.9545 0.0000
vt 3.3838 14.4592 0.0000
vt 3.3496 14.4592 0.0000
vt 3.3104 14.4592 0.0000
vt 3.2704 14.4592 0.0000
vt 3.2337 14.4592 0.0000
vt 14.4592 -5.9182 0.0000
vt 14.4592 -5.9536 0.0000
vt 3.3847 14.4634 0.0000
vt 3.3501 14.4634 0.0000
vt 3.3105 14.4634 0.0000
vt 3.2701 14.4634 0.0000
vt 3.2330 14.4634 0.0000
vt 14.4634 -5.9174 0.0000
vt 14.4634 -5.9532 0.0000
vt 3.3847 14.4679 0.0000
vt 3.3501 14.4679 0.0000
vt 3.3105 14.4679 0.0000
vt 3.2701 14.4679 0.0000
vt 3.2330 14.4679 0.0000
vt 14.4679 -5.9174 0.0000
vt 14.4679 -5.9532 0.0000
vt 3.3838 14.4722 0.0000
vt 3.3496 14.4722 0.0000
vt 3.3104 14.4722 0.0000
vt 3.2704 14.4722 0.0000
vt 3.2337 14.4722 0.0000
vt 14.4722 -5.9182 0.0000
vt 14.4722 -5.9536 0.0000
vt 3.3103 14.4759 0.0000
vt 3.2711 14.4759 0.0000
vt 14.4759 -5.9545 0.0000
vt 3.3397 14.4741 0.0000
vt 3.3088 14.4741 0.0000
vt 3.2771 14.4741 0.0000
vt 3.2481 14.4741 0.0000
vt 14.4741 -5.9339 0.0000
vt 14.4741 -5.9620 0.0000
vt 3.3390 14.4701 0.0000
vt 3.3086 14.4701 0.0000
vt 3.2776 14.4701 0.0000
vt 3.2492 14.4701 0.0000
vt 14.4701 -5.9351 0.0000
vt 14.4701 -5.9626 0.0000
vt 15.0307 0.2500 0.0000
vt 15.0307 0.2800 0.0000
vt 14.7807 0.2800 0.0000
vt 14.7807 0.2500 0.0000
vt 7.7088 15.0307 0.0000
vt 7.6088 15.0307 0.0000
vt 7.6088 14.7807 0.0000
vt 7.7088 14.7807 0.0000
vt 7.6088 0.2800 0.0000
vt 7.7088 0.2800 0.0000
vt 7.7088 0.2500 0.0000
vt 7.6088 0.2500 0.0000
vt 15.0307 1.0500 0.0000
vt 15.0307 1.0800 0.0000
vt 14.7807 1.0800 0.0000
vt 14.7807 1.0500 0.0000
vt 7.5088 15.0307 0.0000
vt 7.5088 14.7807 0.0000
vt 7.5088 1.0800 0.0000
vt 7.7088 1.0800 0.0000
vt 7.7088 1.0500 0.0000
vt 7.5088 1.0500 0.0000
vt 7.6088 1.5000 0.0000
vt 7.6088 1.6000 0.0000
vt 7.7088 1.6000 0.0000
vt 7.5588 1.3500 0.0000
vt 7.7088 1.2000 0.0000
vt 7.5588 1.2000 0.0000
vt 15.0307 1.2000 0.0000
vt 15.0307 1.6000 0.0000
vt 14.7807 1.6000 0.0000
vt 14.7807 1.2000 0.0000
vt 15.0307 1.5000 0.0000
vt 14.7807 1.5000 0.0000
vt 15.0307 1.3500 0.0000
vt 14.7807 1.3500 0.0000
vt 7.5588 15.0307 0.0000
vt 7.5588 14.7807 0.0000
vt -3.3744 3.7472 0.0000
vt -5.5792 3.7472 0.0000
vt -5.6115 3.7467 0.0000
vt -7.8252 3.7439 0.0000
vt -7.8416 3.7432 0.0000
vt -1.1119 3.7432 0.0000
vt -1.1283 3.7439 0.0000
vt -3.3420 3.7467 0.0000
vt -3.1977 3.8155 0.0000
vt -1.4923 3.8850 0.0000
vt -1.9186 3.9567 0.0000
vt -2.3450 3.9694 0.0000
vt -2.7713 3.9298 0.0000
vt 1.4923 3.8850 0.0000
vt 1.1283 3.7439 0.0000
vt 3.3420 3.7467 0.0000
vt 3.1977 3.8155 0.0000
vt 2.7713 3.9298 0.0000
vt 2.3450 3.9694 0.0000
vt 1.9186 3.9567 0.0000
vt 1.1119 3.7432 0.0000
vt 1.0659 3.7679 0.0000
vt 0.6395 3.9100 0.0000
vt 0.2132 3.9647 0.0000
vt -0.2132 3.9647 0.0000
vt -0.6395 3.9100 0.0000
vt -1.0659 3.7679 0.0000
vt 4.4768 3.9709 0.0000
vt 4.0504 3.9452 0.0000
vt 3.6241 3.8540 0.0000
vt 3.3744 3.7472 0.0000
vt 5.5792 3.7472 0.0000
vt 5.3295 3.8540 0.0000
vt 4.9031 3.9452 0.0000
vt 3.6241 4.0291 0.0000
vt 4.0504 4.0291 0.0000
vt 3.1977 4.0291 0.0000
vt 2.7713 4.0291 0.0000
vt 2.3450 4.0291 0.0000
vt 1.9186 4.0291 0.0000
vt 1.4923 4.0291 0.0000
vt 1.0659 4.0291 0.0000
vt 0.6395 4.0291 0.0000
vt 0.2132 4.0291 0.0000
vt -0.2132 4.0291 0.0000
vt -0.6395 4.0291 0.0000
vt -1.0659 4.0291 0.0000
vt -1.4923 4.0291 0.0000
vt -1.9186 4.0291 0.0000
vt -2.3450 4.0291 0.0000
vt -2.7713 4.0291 0.0000
vt -3.1977 4.0291 0.0000
vt -3.6241 4.0291 0.0000
vt -4.0504 4.0291 0.0000
vt -4.4768 4.0291 0.0000
vt 0.0000 4.4768 0.0000
vt 6.7213 2.2320 0.0000
vt 6.7213 2.0680 0.0000
vt 14.5357 2.0800 0.0000
vt 6.7213 2.2080 0.0000
vt 6.7213 14.5477 0.0000
vt 6.7213 15.2877 0.0000
vt 6.7213 2.0920 0.0000
vt 15.2757 2.0800 0.0000
vt 14.5357 2.2200 0.0000
vt 15.2757 2.2200 0.0000
vt -14.5758 2.1100 0.0000
vt -14.5758 2.1233 0.0000
vt -14.6196 2.1233 0.0000
vt -14.6354 2.1100 0.0000
vt -14.5802 2.1446 0.0000
vt -14.5802 2.1579 0.0000
vt -14.6196 2.1579 0.0000
vt -14.6196 2.1446 0.0000
vt -14.6196 2.1753 0.0000
vt -14.5772 2.1753 0.0000
vt -14.5772 2.1886 0.0000
vt -14.6354 2.1886 0.0000
vt 2.1100 -6.7197 0.0000
vt 2.1886 -6.7197 0.0000
vt 2.1886 -6.7198 0.0000
vt 2.1100 -6.7198 0.0000
vt -14.6354 -6.7197 0.0000
vt -14.5772 -6.7197 0.0000
vt -14.5772 -6.7198 0.0000
vt -14.6354 -6.7198 0.0000
vt 2.1753 -6.7197 0.0000
vt 2.1753 -6.7198 0.0000
vt -14.6196 -6.7197 0.0000
vt -14.6196 -6.7198 0.0000
vt 2.1579 -6.7197 0.0000
vt 2.1579 -6.7198 0.0000
vt -14.5802 -6.7197 0.0000
vt -14.5802 -6.7198 0.0000
vt 2.1446 -6.7197 0.0000
vt 2.1446 -6.7198 0.0000
vt 2.1233 -6.7197 0.0000
vt 2.1233 -6.7198 0.0000
vt -14.5758 -6.7197 0.0000
vt -14.5758 -6.7198 0.0000
vt 14.6520 2.1886 0.0000
vt 14.6667 2.1886 0.0000
vt 14.6667 2.1360 0.0000
vt 14.6520 2.1100 0.0000
vt 14.6679 2.1100 0.0000
vt 14.6996 2.1615 0.0000
vt 14.6989 2.1886 0.0000
vt 14.7143 2.1886 0.0000
vt 14.7143 2.1100 0.0000
vt 14.6996 2.1100 0.0000
vt 14.7143 -6.7197 0.0000
vt 14.6989 -6.7197 0.0000
vt 14.6989 -6.7198 0.0000
vt 14.7143 -6.7198 0.0000
vt 2.1360 -6.7197 0.0000
vt 2.1360 -6.7198 0.0000
vt 14.6667 -6.7197 0.0000
vt 14.6520 -6.7197 0.0000
vt 14.6520 -6.7198 0.0000
vt 14.6667 -6.7198 0.0000
vt 14.6679 -6.7197 0.0000
vt 14.6679 -6.7198 0.0000
vt 2.1615 -6.7197 0.0000
vt 2.1615 -6.7198 0.0000
vt 14.6996 -6.7197 0.0000
vt 14.6996 -6.7198 0.0000
vt 14.4716 3.6136 0.0000
vt 14.4822 3.6158 0.0000
vt 14.4913 3.6159 0.0000
vt 14.4994 3.6144 0.0000
vt 14.5215 3.5569 0.0000
vt 14.5166 3.5484 0.0000
vt 14.4613 3.5430 0.0000
vt 14.4886 3.5485 0.0000
vt 14.4971 3.5511 0.0000
vt 14.5035 3.5569 0.0000
vt 14.5240 3.5670 0.0000
vt 14.5073 3.5658 0.0000
vt 14.5240 3.5786 0.0000
vt 14.5077 3.5776 0.0000
vt 14.5220 3.5895 0.0000
vt 14.5050 3.5892 0.0000
vt 14.5185 3.5983 0.0000
vt 14.4997 3.5972 0.0000
vt 14.5148 3.6037 0.0000
vt 14.4923 3.6015 0.0000
vt 14.5102 3.6083 0.0000
vt 14.4833 3.6023 0.0000
vt 14.5006 3.5372 0.0000
vt 14.4899 3.5350 0.0000
vt 14.4791 3.5351 0.0000
vt 14.5095 3.5417 0.0000
vt 14.4695 3.5378 0.0000
vt 14.4548 3.5505 0.0000
vt 14.4798 3.5494 0.0000
vt 14.4724 3.5538 0.0000
vt 14.4504 3.5600 0.0000
vt 14.4670 3.5618 0.0000
vt 14.4481 3.5716 0.0000
vt 14.4644 3.5736 0.0000
vt 14.4481 3.5835 0.0000
vt 14.4647 3.5854 0.0000
vt 14.4506 3.5938 0.0000
vt 14.4683 3.5942 0.0000
vt 14.4747 3.5998 0.0000
vt 14.4556 3.6024 0.0000
vt 14.4627 3.6091 0.0000
vt 14.5049 3.6120 0.0000
vt 14.8321 2.1443 0.0000
vt 14.8321 2.1100 0.0000
vt 14.8162 2.1100 0.0000
vt 14.8162 2.1886 0.0000
vt 14.8321 2.1886 0.0000
vt 14.8321 2.1576 0.0000
vt 14.8632 2.1443 0.0000
vt 14.8632 2.1576 0.0000
vt 14.8632 2.1886 0.0000
vt 14.8790 2.1886 0.0000
vt 14.8790 2.1100 0.0000
vt 14.8632 2.1100 0.0000
vt 14.8790 -6.7197 0.0000
vt 14.8632 -6.7197 0.0000
vt 14.8632 -6.7198 0.0000
vt 14.8790 -6.7198 0.0000
vt 2.1576 -6.7197 0.0000
vt 2.1576 -6.7198 0.0000
vt 14.8321 -6.7197 0.0000
vt 14.8321 -6.7198 0.0000
vt 14.8162 -6.7197 0.0000
vt 14.8162 -6.7198 0.0000
vt 2.1443 -6.7197 0.0000
vt 2.1443 -6.7198 0.0000
vt -14.9363 2.1396 0.0000
vt -14.9260 2.1396 0.0000
vt -14.9165 2.1399 0.0000
vt -14.9363 2.1529 0.0000
vt -14.9095 2.1407 0.0000
vt -14.9013 2.1445 0.0000
vt -14.8947 2.1522 0.0000
vt -14.9276 2.1529 0.0000
vt -14.9198 2.1532 0.0000
vt -14.8927 2.1577 0.0000
vt -14.9151 2.1541 0.0000
vt -14.9102 2.1580 0.0000
vt -14.8920 2.1644 0.0000
vt -14.9084 2.1641 0.0000
vt -14.9109 2.1712 0.0000
vt -14.8932 2.1729 0.0000
vt -14.9173 2.1747 0.0000
vt -14.8966 2.1797 0.0000
vt -14.9215 2.1751 0.0000
vt -14.9286 2.1753 0.0000
vt -14.9363 2.1753 0.0000
vt -14.9522 2.1886 0.0000
vt -14.9148 2.1883 0.0000
vt -14.9267 2.1886 0.0000
vt -14.9079 2.1874 0.0000
vt -14.9017 2.1846 0.0000
vt -14.9522 2.1100 0.0000
vt -14.9363 2.1100 0.0000
vt 2.1529 -6.7197 0.0000
vt 2.1529 -6.7198 0.0000
vt 2.1580 -6.7197 0.0000
vt 2.1641 -6.7197 0.0000
vt 2.1641 -6.7198 0.0000
vt 2.1580 -6.7198 0.0000
vt 2.1712 -6.7197 0.0000
vt 2.1712 -6.7198 0.0000
vt 2.1396 -6.7197 0.0000
vt 2.1396 -6.7198 0.0000
vt -14.9363 -6.7197 0.0000
vt -14.9522 -6.7197 0.0000
vt -14.9522 -6.7198 0.0000
vt -14.9363 -6.7198 0.0000
vt -14.9656 2.1100 0.0000
vt -14.9656 2.1233 0.0000
vt -15.0094 2.1233 0.0000
vt -15.0253 2.1100 0.0000
vt -14.9701 2.1446 0.0000
vt -14.9701 2.1579 0.0000
vt -15.0094 2.1579 0.0000
vt -15.0094 2.1446 0.0000
vt -15.0094 2.1753 0.0000
vt -14.9671 2.1753 0.0000
vt -14.9671 2.1886 0.0000
vt -15.0253 2.1886 0.0000
vt -15.0253 -6.7197 0.0000
vt -14.9671 -6.7197 0.0000
vt -14.9671 -6.7198 0.0000
vt -15.0253 -6.7198 0.0000
vt -15.0094 -6.7197 0.0000
vt -15.0094 -6.7198 0.0000
vt -14.9701 -6.7197 0.0000
vt -14.9701 -6.7198 0.0000
vt -14.9656 -6.7197 0.0000
vt -14.9656 -6.7198 0.0000
vt -15.0369 2.1100 0.0000
vt -15.0369 2.1233 0.0000
vt -15.0763 2.1233 0.0000
vt -15.0922 2.1100 0.0000
vt -15.0763 2.1879 0.0000
vt -15.0922 2.1879 0.0000
vt 2.1879 -6.7197 0.0000
vt 2.1879 -6.7198 0.0000
vt -15.0922 -6.7197 0.0000
vt -15.0763 -6.7197 0.0000
vt -15.0763 -6.7198 0.0000
vt -15.0922 -6.7198 0.0000
vt -15.0369 -6.7197 0.0000
vt -15.0369 -6.7198 0.0000
vt -15.1060 2.1100 0.0000
vt -15.1060 2.1233 0.0000
vt -15.1499 2.1233 0.0000
vt -15.1657 2.1100 0.0000
vt -15.1105 2.1446 0.0000
vt -15.1105 2.1579 0.0000
vt -15.1499 2.1579 0.0000
vt -15.1499 2.1446 0.0000
vt -15.1499 2.1753 0.0000
vt -15.1075 2.1753 0.0000
vt -15.1075 2.1886 0.0000
vt -15.1657 2.1886 0.0000
vt -15.1657 -6.7197 0.0000
vt -15.1075 -6.7197 0.0000
vt -15.1075 -6.7198 0.0000
vt -15.1657 -6.7198 0.0000
vt -15.1499 -6.7197 0.0000
vt -15.1499 -6.7198 0.0000
vt -15.1105 -6.7197 0.0000
vt -15.1105 -6.7198 0.0000
vt -15.1060 -6.7197 0.0000
vt -15.1060 -6.7198 0.0000
vt 15.1994 2.1753 0.0000
vt 15.1762 2.1753 0.0000
vt 15.1762 2.1886 0.0000
vt 15.2386 2.1886 0.0000
vt 15.2386 2.1753 0.0000
vt 15.2153 2.1753 0.0000
vt 15.2153 2.1100 0.0000
vt 15.1994 2.1100 0.0000
vt 15.2153 -6.7197 0.0000
vt 15.2386 -6.7197 0.0000
vt 15.2386 -6.7198 0.0000
vt 15.2153 -6.7198 0.0000
vt 15.1762 -6.7197 0.0000
vt 15.1762 -6.7198 0.0000
vt 15.1994 -6.7197 0.0000
vt 15.1994 -6.7198 0.0000
vt -14.5477 2.2100 0.0000
vt -15.2637 2.2100 0.0000
vt -15.2637 2.0900 0.0000
vt -14.5477 2.0900 0.0000
vt 7.7063 2.2320 0.0000
vt 7.7063 15.2877 0.0000
vt 7.7063 15.2637 0.0000
vt 7.7063 2.0920 0.0000
vt 7.7063 14.5477 0.0000
vt 7.7063 14.5237 0.0000
vt 15.2356 2.1100 0.0000
vt 15.2356 2.1233 0.0000
vt 15.1917 2.1233 0.0000
vt 15.1759 2.1100 0.0000
vt 15.2311 2.1446 0.0000
vt 15.2311 2.1579 0.0000
vt 15.1917 2.1579 0.0000
vt 15.1917 2.1446 0.0000
vt 15.1917 2.1753 0.0000
vt 15.2341 2.1753 0.0000
vt 15.2341 2.1886 0.0000
vt 15.1759 2.1886 0.0000
vt 2.1100 7.7079 0.0000
vt 2.1886 7.7079 0.0000
vt 2.1886 7.7078 0.0000
vt 2.1100 7.7078 0.0000
vt 15.1759 7.7079 0.0000
vt 15.2341 7.7079 0.0000
vt 15.2341 7.7078 0.0000
vt 15.1759 7.7078 0.0000
vt 2.1753 7.7079 0.0000
vt 2.1753 7.7078 0.0000
vt 15.1917 7.7079 0.0000
vt 15.1917 7.7078 0.0000
vt 2.1579 7.7079 0.0000
vt 2.1579 7.7078 0.0000
vt 15.2311 7.7079 0.0000
vt 15.2311 7.7078 0.0000
vt 2.1446 7.7079 0.0000
vt 2.1446 7.7078 0.0000
vt 2.1233 7.7079 0.0000
vt 2.1233 7.7078 0.0000
vt 15.2356 7.7079 0.0000
vt 15.2356 7.7078 0.0000
vt -15.1593 2.1886 0.0000
vt -15.1446 2.1886 0.0000
vt -15.1446 2.1360 0.0000
vt -15.1593 2.1100 0.0000
vt -15.1434 2.1100 0.0000
vt -15.1117 2.1615 0.0000
vt -15.1124 2.1886 0.0000
vt -15.0970 2.1886 0.0000
vt -15.0970 2.1100 0.0000
vt -15.1117 2.1100 0.0000
vt -15.0970 7.7079 0.0000
vt -15.1124 7.7079 0.0000
vt -15.1124 7.7078 0.0000
vt -15.0970 7.7078 0.0000
vt 2.1360 7.7079 0.0000
vt 2.1360 7.7078 0.0000
vt -15.1446 7.7079 0.0000
vt -15.1593 7.7079 0.0000
vt -15.1593 7.7078 0.0000
vt -15.1446 7.7078 0.0000
vt -15.1434 7.7079 0.0000
vt -15.1434 7.7078 0.0000
vt 2.1615 7.7079 0.0000
vt 2.1615 7.7078 0.0000
vt -15.1117 7.7079 0.0000
vt -15.1117 7.7078 0.0000
vt -15.1984 0.7136 0.0000
vt -15.1877 0.7158 0.0000
vt -15.1787 0.7159 0.0000
vt -15.1706 0.7144 0.0000
vt -15.1484 0.6569 0.0000
vt -15.1534 0.6483 0.0000
vt -15.2086 0.6430 0.0000
vt -15.1814 0.6485 0.0000
vt -15.1729 0.6510 0.0000
vt -15.1664 0.6569 0.0000
vt -15.1460 0.6670 0.0000
vt -15.1627 0.6658 0.0000
vt -15.1459 0.6786 0.0000
vt -15.1623 0.6776 0.0000
vt -15.1479 0.6895 0.0000
vt -15.1649 0.6892 0.0000
vt -15.1515 0.6983 0.0000
vt -15.1702 0.6972 0.0000
vt -15.1552 0.7037 0.0000
vt -15.1776 0.7015 0.0000
vt -15.1598 0.7083 0.0000
vt -15.1866 0.7023 0.0000
vt -15.1693 0.6372 0.0000
vt -15.1801 0.6350 0.0000
vt -15.1909 0.6351 0.0000
vt -15.1604 0.6417 0.0000
vt -15.2004 0.6378 0.0000
vt -15.2151 0.6505 0.0000
vt -15.1901 0.6493 0.0000
vt -15.1975 0.6538 0.0000
vt -15.2195 0.6600 0.0000
vt -15.2029 0.6618 0.0000
vt -15.2218 0.6716 0.0000
vt -15.2056 0.6736 0.0000
vt -15.2218 0.6835 0.0000
vt -15.2052 0.6854 0.0000
vt -15.2193 0.6938 0.0000
vt -15.2016 0.6942 0.0000
vt -15.1953 0.6998 0.0000
vt -15.2143 0.7024 0.0000
vt -15.2072 0.7091 0.0000
vt -15.1650 0.7120 0.0000
vt -14.9793 2.1443 0.0000
vt -14.9793 2.1100 0.0000
vt -14.9951 2.1100 0.0000
vt -14.9951 2.1886 0.0000
vt -14.9793 2.1886 0.0000
vt -14.9793 2.1576 0.0000
vt -14.9482 2.1443 0.0000
vt -14.9482 2.1576 0.0000
vt -14.9482 2.1886 0.0000
vt -14.9323 2.1886 0.0000
vt -14.9323 2.1100 0.0000
vt -14.9482 2.1100 0.0000
vt -14.9323 7.7079 0.0000
vt -14.9482 7.7079 0.0000
vt -14.9482 7.7078 0.0000
vt -14.9323 7.7078 0.0000
vt 2.1576 7.7079 0.0000
vt 2.1576 7.7078 0.0000
vt -14.9793 7.7079 0.0000
vt -14.9793 7.7078 0.0000
vt -14.9951 7.7079 0.0000
vt -14.9951 7.7078 0.0000
vt 2.1443 7.7079 0.0000
vt 2.1443 7.7078 0.0000
vt 14.8750 2.1396 0.0000
vt 14.8854 2.1396 0.0000
vt 14.8949 2.1399 0.0000
vt 14.8750 2.1529 0.0000
vt 14.9018 2.1407 0.0000
vt 14.9100 2.1445 0.0000
vt 14.9167 2.1522 0.0000
vt 14.8837 2.1529 0.0000
vt 14.8915 2.1532 0.0000
vt 14.9187 2.1577 0.0000
vt 14.8962 2.1541 0.0000
vt 14.9012 2.1580 0.0000
vt 14.9193 2.1644 0.0000
vt 14.9030 2.1641 0.0000
vt 14.9004 2.1712 0.0000
vt 14.9182 2.1729 0.0000
vt 14.8941 2.1747 0.0000
vt 14.9148 2.1797 0.0000
vt 14.8898 2.1751 0.0000
vt 14.8827 2.1753 0.0000
vt 14.8750 2.1753 0.0000
vt 14.8592 2.1886 0.0000
vt 14.8966 2.1883 0.0000
vt 14.8846 2.1886 0.0000
vt 14.9035 2.1874 0.0000
vt 14.9097 2.1846 0.0000
vt 14.8592 2.1100 0.0000
vt 14.8750 2.1100 0.0000
vt 2.1529 7.7079 0.0000
vt 2.1529 7.7078 0.0000
vt 2.1580 7.7079 0.0000
vt 2.1641 7.7079 0.0000
vt 2.1641 7.7078 0.0000
vt 2.1580 7.7078 0.0000
vt 2.1712 7.7079 0.0000
vt 2.1712 7.7078 0.0000
vt 2.1396 7.7079 0.0000
vt 2.1396 7.7078 0.0000
vt 14.8750 7.7079 0.0000
vt 14.8592 7.7079 0.0000
vt 14.8592 7.7078 0.0000
vt 14.8750 7.7078 0.0000
vt 14.8457 2.1100 0.0000
vt 14.8457 2.1233 0.0000
vt 14.8019 2.1233 0.0000
vt 14.7860 2.1100 0.0000
vt 14.8413 2.1446 0.0000
vt 14.8413 2.1579 0.0000
vt 14.8019 2.1579 0.0000
vt 14.8019 2.1446 0.0000
vt 14.8019 2.1753 0.0000
vt 14.8442 2.1753 0.0000
vt 14.8442 2.1886 0.0000
vt 14.7860 2.1886 0.0000
vt 14.7860 7.7079 0.0000
vt 14.8442 7.7079 0.0000
vt 14.8442 7.7078 0.0000
vt 14.7860 7.7078 0.0000
vt 14.8019 7.7079 0.0000
vt 14.8019 7.7078 0.0000
vt 14.8413 7.7079 0.0000
vt 14.8413 7.7078 0.0000
vt 14.8457 7.7079 0.0000
vt 14.8457 7.7078 0.0000
vt 14.7744 2.1100 0.0000
vt 14.7744 2.1233 0.0000
vt 14.7350 2.1233 0.0000
vt 14.7191 2.1100 0.0000
vt 14.7350 2.1879 0.0000
vt 14.7191 2.1879 0.0000
vt 2.1879 7.7079 0.0000
vt 2.1879 7.7078 0.0000
vt 14.7191 7.7079 0.0000
vt 14.7350 7.7079 0.0000
vt 14.7350 7.7078 0.0000
vt 14.7191 7.7078 0.0000
vt 14.7744 7.7079 0.0000
vt 14.7744 7.7078 0.0000
vt 14.7053 2.1100 0.0000
vt 14.7053 2.1233 0.0000
vt 14.6615 2.1233 0.0000
vt 14.6456 2.1100 0.0000
vt 14.7009 2.1446 0.0000
vt 14.7009 2.1579 0.0000
vt 14.6615 2.1579 0.0000
vt 14.6615 2.1446 0.0000
vt 14.6615 2.1753 0.0000
vt 14.7038 2.1753 0.0000
vt 14.7038 2.1886 0.0000
vt 14.6456 2.1886 0.0000
vt 14.6456 7.7079 0.0000
vt 14.7038 7.7079 0.0000
vt 14.7038 7.7078 0.0000
vt 14.6456 7.7078 0.0000
vt 14.6615 7.7079 0.0000
vt 14.6615 7.7078 0.0000
vt 14.7009 7.7079 0.0000
vt 14.7009 7.7078 0.0000
vt 14.7053 7.7079 0.0000
vt 14.7053 7.7078 0.0000
vt -14.6119 2.1753 0.0000
vt -14.6351 2.1753 0.0000
vt -14.6351 2.1886 0.0000
vt -14.5727 2.1886 0.0000
vt -14.5727 2.1753 0.0000
vt -14.5960 2.1753 0.0000
vt -14.5960 2.1100 0.0000
vt -14.6119 2.1100 0.0000
vt -14.5960 7.7079 0.0000
vt -14.5727 7.7079 0.0000
vt -14.5727 7.7078 0.0000
vt -14.5960 7.7078 0.0000
vt -14.6351 7.7079 0.0000
vt -14.6351 7.7078 0.0000
vt -14.6119 7.7079 0.0000
vt -14.6119 7.7078 0.0000
vt 15.2637 2.2100 0.0000
vt 14.5477 2.2100 0.0000
vt 14.5477 2.0900 0.0000
vt 15.2637 2.0900 0.0000
vt 6.8318 15.3982 0.0000
vt 15.3982 2.0680 0.0000
vt 6.8438 2.0800 0.0000
vt 6.8558 15.3982 0.0000
vt 15.3982 2.0920 0.0000
vt 15.3982 2.2320 0.0000
vt 15.3982 2.2080 0.0000
vt 7.5838 2.0800 0.0000
vt 6.8438 2.2200 0.0000
vt 7.5838 2.2200 0.0000
vt -6.8838 2.1100 0.0000
vt -6.8838 2.1233 0.0000
vt -6.9277 2.1233 0.0000
vt -6.9435 2.1100 0.0000
vt -6.8883 2.1446 0.0000
vt -6.8883 2.1579 0.0000
vt -6.9277 2.1579 0.0000
vt -6.9277 2.1446 0.0000
vt -6.9277 2.1753 0.0000
vt -6.8853 2.1753 0.0000
vt -6.8853 2.1886 0.0000
vt -6.9435 2.1886 0.0000
vt 2.1100 15.3998 0.0000
vt 2.1886 15.3998 0.0000
vt 2.1886 15.3997 0.0000
vt 2.1100 15.3997 0.0000
vt -6.9435 15.3998 0.0000
vt -6.8853 15.3998 0.0000
vt -6.8853 15.3997 0.0000
vt -6.9435 15.3997 0.0000
vt 2.1753 15.3998 0.0000
vt 2.1753 15.3997 0.0000
vt -6.9277 15.3998 0.0000
vt -6.9277 15.3997 0.0000
vt 2.1579 15.3998 0.0000
vt 2.1579 15.3997 0.0000
vt -6.8883 15.3998 0.0000
vt -6.8883 15.3997 0.0000
vt 2.1446 15.3998 0.0000
vt 2.1446 15.3997 0.0000
vt 2.1233 15.3998 0.0000
vt 2.1233 15.3997 0.0000
vt -6.8838 15.3998 0.0000
vt -6.8838 15.3997 0.0000
vt 6.9601 2.1886 0.0000
vt 6.9748 2.1886 0.0000
vt 6.9748 2.1360 0.0000
vt 6.9601 2.1100 0.0000
vt 6.9760 2.1100 0.0000
vt 7.0077 2.1615 0.0000
vt 7.0070 2.1886 0.0000
vt 7.0224 2.1886 0.0000
vt 7.0224 2.1100 0.0000
vt 7.0077 2.1100 0.0000
vt 7.0224 15.3998 0.0000
vt 7.0070 15.3998 0.0000
vt 7.0070 15.3997 0.0000
vt 7.0224 15.3997 0.0000
vt 2.1360 15.3998 0.0000
vt 2.1360 15.3997 0.0000
vt 6.9748 15.3998 0.0000
vt 6.9601 15.3998 0.0000
vt 6.9601 15.3997 0.0000
vt 6.9748 15.3997 0.0000
vt 6.9760 15.3998 0.0000
vt 6.9760 15.3997 0.0000
vt 2.1615 15.3998 0.0000
vt 2.1615 15.3997 0.0000
vt 7.0077 15.3998 0.0000
vt 7.0077 15.3997 0.0000
vt 6.8161 2.8653 0.0000
vt 6.8268 2.8676 0.0000
vt 6.8358 2.8677 0.0000
vt 6.8439 2.8661 0.0000
vt 6.8661 2.8086 0.0000
vt 6.8611 2.8001 0.0000
vt 6.8059 2.7947 0.0000
vt 6.8332 2.8002 0.0000
vt 6.8416 2.8028 0.0000
vt 6.8481 2.8086 0.0000
vt 6.8686 2.8187 0.0000
vt 6.8519 2.8175 0.0000
vt 6.8686 2.8304 0.0000
vt 6.8523 2.8293 0.0000
vt 6.8666 2.8413 0.0000
vt 6.8496 2.8410 0.0000
vt 6.8630 2.8501 0.0000
vt 6.8443 2.8489 0.0000
vt 6.8593 2.8554 0.0000
vt 6.8369 2.8533 0.0000
vt 6.8547 2.8601 0.0000
vt 6.8279 2.8541 0.0000
vt 6.8452 2.7890 0.0000
vt 6.8345 2.7867 0.0000
vt 6.8236 2.7869 0.0000
vt 6.8541 2.7934 0.0000
vt 6.8141 2.7896 0.0000
vt 6.7994 2.8022 0.0000
vt 6.8244 2.8011 0.0000
vt 6.8170 2.8055 0.0000
vt 6.7950 2.8118 0.0000
vt 6.8116 2.8136 0.0000
vt 6.7927 2.8233 0.0000
vt 6.8089 2.8253 0.0000
vt 6.7927 2.8353 0.0000
vt 6.8093 2.8372 0.0000
vt 6.7952 2.8455 0.0000
vt 6.8129 2.8459 0.0000
vt 6.8193 2.8516 0.0000
vt 6.8002 2.8542 0.0000
vt 6.8073 2.8609 0.0000
vt 6.8495 2.8637 0.0000
vt 7.1401 2.1443 0.0000
vt 7.1401 2.1100 0.0000
vt 7.1243 2.1100 0.0000
vt 7.1243 2.1886 0.0000
vt 7.1401 2.1886 0.0000
vt 7.1401 2.1576 0.0000
vt 7.1712 2.1443 0.0000
vt 7.1712 2.1576 0.0000
vt 7.1712 2.1886 0.0000
vt 7.1871 2.1886 0.0000
vt 7.1871 2.1100 0.0000
vt 7.1712 2.1100 0.0000
vt 7.1871 15.3998 0.0000
vt 7.1712 15.3998 0.0000
vt 7.1712 15.3997 0.0000
vt 7.1871 15.3997 0.0000
vt 2.1576 15.3998 0.0000
vt 2.1576 15.3997 0.0000
vt 7.1401 15.3998 0.0000
vt 7.1401 15.3997 0.0000
vt 7.1243 15.3998 0.0000
vt 7.1243 15.3997 0.0000
vt 2.1443 15.3998 0.0000
vt 2.1443 15.3997 0.0000
vt -7.2444 2.1396 0.0000
vt -7.2341 2.1396 0.0000
vt -7.2246 2.1399 0.0000
vt -7.2444 2.1529 0.0000
vt -7.2176 2.1407 0.0000
vt -7.2094 2.1445 0.0000
vt -7.2027 2.1522 0.0000
vt -7.2357 2.1529 0.0000
vt -7.2279 2.1532 0.0000
vt -7.2008 2.1577 0.0000
vt -7.2232 2.1541 0.0000
vt -7.2183 2.1580 0.0000
vt -7.2001 2.1644 0.0000
vt -7.2165 2.1641 0.0000
vt -7.2190 2.1712 0.0000
vt -7.2013 2.1729 0.0000
vt -7.2253 2.1747 0.0000
vt -7.2047 2.1797 0.0000
vt -7.2296 2.1751 0.0000
vt -7.2367 2.1753 0.0000
vt -7.2444 2.1753 0.0000
vt -7.2602 2.1886 0.0000
vt -7.2229 2.1883 0.0000
vt -7.2348 2.1886 0.0000
vt -7.2160 2.1874 0.0000
vt -7.2098 2.1846 0.0000
vt -7.2602 2.1100 0.0000
vt -7.2444 2.1100 0.0000
vt 2.1529 15.3998 0.0000
vt 2.1529 15.3997 0.0000
vt 2.1580 15.3998 0.0000
vt 2.1641 15.3998 0.0000
vt 2.1641 15.3997 0.0000
vt 2.1580 15.3997 0.0000
vt 2.1712 15.3998 0.0000
vt 2.1712 15.3997 0.0000
vt 2.1396 15.3998 0.0000
vt 2.1396 15.3997 0.0000
vt -7.2444 15.3998 0.0000
vt -7.2602 15.3998 0.0000
vt -7.2602 15.3997 0.0000
vt -7.2444 15.3997 0.0000
vt -7.2737 2.1100 0.0000
vt -7.2737 2.1233 0.0000
vt -7.3175 2.1233 0.0000
vt -7.3334 2.1100 0.0000
vt -7.2781 2.1446 0.0000
vt -7.2781 2.1579 0.0000
vt -7.3175 2.1579 0.0000
vt -7.3175 2.1446 0.0000
vt -7.3175 2.1753 0.0000
vt -7.2752 2.1753 0.0000
vt -7.2752 2.1886 0.0000
vt -7.3334 2.1886 0.0000
vt -7.3334 15.3998 0.0000
vt -7.2752 15.3998 0.0000
vt -7.2752 15.3997 0.0000
vt -7.3334 15.3997 0.0000
vt -7.3175 15.3998 0.0000
vt -7.3175 15.3997 0.0000
vt -7.2781 15.3998 0.0000
vt -7.2781 15.3997 0.0000
vt -7.2737 15.3998 0.0000
vt -7.2737 15.3997 0.0000
vt -7.3450 2.1100 0.0000
vt -7.3450 2.1233 0.0000
vt -7.3844 2.1233 0.0000
vt -7.4003 2.1100 0.0000
vt -7.3844 2.1879 0.0000
vt -7.4003 2.1879 0.0000
vt 2.1879 15.3998 0.0000
vt 2.1879 15.3997 0.0000
vt -7.4003 15.3998 0.0000
vt -7.3844 15.3998 0.0000
vt -7.3844 15.3997 0.0000
vt -7.4003 15.3997 0.0000
vt -7.3450 15.3998 0.0000
vt -7.3450 15.3997 0.0000
vt -7.4141 2.1100 0.0000
vt -7.4141 2.1233 0.0000
vt -7.4580 2.1233 0.0000
vt -7.4738 2.1100 0.0000
vt -7.4186 2.1446 0.0000
vt -7.4186 2.1579 0.0000
vt -7.4580 2.1579 0.0000
vt -7.4580 2.1446 0.0000
vt -7.4580 2.1753 0.0000
vt -7.4156 2.1753 0.0000
vt -7.4156 2.1886 0.0000
vt -7.4738 2.1886 0.0000
vt -7.4738 15.3998 0.0000
vt -7.4156 15.3998 0.0000
vt -7.4156 15.3997 0.0000
vt -7.4738 15.3997 0.0000
vt -7.4580 15.3998 0.0000
vt -7.4580 15.3997 0.0000
vt -7.4186 15.3998 0.0000
vt -7.4186 15.3997 0.0000
vt -7.4141 15.3998 0.0000
vt -7.4141 15.3997 0.0000
vt 7.5075 2.1753 0.0000
vt 7.4843 2.1753 0.0000
vt 7.4843 2.1886 0.0000
vt 7.5467 2.1886 0.0000
vt 7.5467 2.1753 0.0000
vt 7.5234 2.1753 0.0000
vt 7.5234 2.1100 0.0000
vt 7.5075 2.1100 0.0000
vt 7.5234 15.3998 0.0000
vt 7.5467 15.3998 0.0000
vt 7.5467 15.3997 0.0000
vt 7.5234 15.3997 0.0000
vt 7.4843 15.3998 0.0000
vt 7.4843 15.3997 0.0000
vt 7.5075 15.3998 0.0000
vt 7.5075 15.3997 0.0000
vt -6.8558 2.2100 0.0000
vt -7.5718 2.2100 0.0000
vt -7.5718 2.0900 0.0000
vt -6.8558 2.0900 0.0000
vt 14.4132 2.2320 0.0000
vt 7.5958 14.4132 0.0000
vt 7.5718 14.4132 0.0000
vt 14.4132 2.0920 0.0000
vt 6.8558 14.4132 0.0000
vt 6.8318 14.4132 0.0000
vt 7.5437 2.1100 0.0000
vt 7.5437 2.1233 0.0000
vt 7.4998 2.1233 0.0000
vt 7.4840 2.1100 0.0000
vt 7.5392 2.1446 0.0000
vt 7.5392 2.1579 0.0000
vt 7.4998 2.1579 0.0000
vt 7.4998 2.1446 0.0000
vt 7.4998 2.1753 0.0000
vt 7.5422 2.1753 0.0000
vt 7.5422 2.1886 0.0000
vt 7.4840 2.1886 0.0000
vt 2.1100 -14.4116 0.0000
vt 2.1886 -14.4116 0.0000
vt 2.1886 -14.4117 0.0000
vt 2.1100 -14.4117 0.0000
vt 7.4840 -14.4116 0.0000
vt 7.5422 -14.4116 0.0000
vt 7.5422 -14.4117 0.0000
vt 7.4840 -14.4117 0.0000
vt 2.1753 -14.4116 0.0000
vt 2.1753 -14.4117 0.0000
vt 7.4998 -14.4116 0.0000
vt 7.4998 -14.4117 0.0000
vt 2.1579 -14.4116 0.0000
vt 2.1579 -14.4117 0.0000
vt 7.5392 -14.4116 0.0000
vt 7.5392 -14.4117 0.0000
vt 2.1446 -14.4116 0.0000
vt 2.1446 -14.4117 0.0000
vt 2.1233 -14.4116 0.0000
vt 2.1233 -14.4117 0.0000
vt 7.5437 -14.4116 0.0000
vt 7.5437 -14.4117 0.0000
vt -7.4674 2.1886 0.0000
vt -7.4527 2.1886 0.0000
vt -7.4527 2.1360 0.0000
vt -7.4674 2.1100 0.0000
vt -7.4515 2.1100 0.0000
vt -7.4198 2.1615 0.0000
vt -7.4205 2.1886 0.0000
vt -7.4051 2.1886 0.0000
vt -7.4051 2.1100 0.0000
vt -7.4198 2.1100 0.0000
vt -7.4051 -14.4116 0.0000
vt -7.4205 -14.4116 0.0000
vt -7.4205 -14.4117 0.0000
vt -7.4051 -14.4117 0.0000
vt 2.1360 -14.4116 0.0000
vt 2.1360 -14.4117 0.0000
vt -7.4527 -14.4116 0.0000
vt -7.4674 -14.4116 0.0000
vt -7.4674 -14.4117 0.0000
vt -7.4527 -14.4117 0.0000
vt -7.4515 -14.4116 0.0000
vt -7.4515 -14.4117 0.0000
vt 2.1615 -14.4116 0.0000
vt 2.1615 -14.4117 0.0000
vt -7.4198 -14.4116 0.0000
vt -7.4198 -14.4117 0.0000
vt -7.5430 1.4618 0.0000
vt -7.5323 1.4641 0.0000
vt -7.5233 1.4642 0.0000
vt -7.5152 1.4626 0.0000
vt -7.4930 1.4051 0.0000
vt -7.4979 1.3966 0.0000
vt -7.5532 1.3913 0.0000
vt -7.5259 1.3967 0.0000
vt -7.5175 1.3993 0.0000
vt -7.5110 1.4051 0.0000
vt -7.4905 1.4152 0.0000
vt -7.5072 1.4140 0.0000
vt -7.4905 1.4269 0.0000
vt -7.5068 1.4258 0.0000
vt -7.4925 1.4378 0.0000
vt -7.5095 1.4375 0.0000
vt -7.4960 1.4466 0.0000
vt -7.5148 1.4454 0.0000
vt -7.4997 1.4519 0.0000
vt -7.5222 1.4498 0.0000
vt -7.5044 1.4566 0.0000
vt -7.5312 1.4506 0.0000
vt -7.5139 1.3855 0.0000
vt -7.5246 1.3833 0.0000
vt -7.5355 1.3834 0.0000
vt -7.5050 1.3899 0.0000
vt -7.5450 1.3861 0.0000
vt -7.5597 1.3987 0.0000
vt -7.5347 1.3976 0.0000
vt -7.5421 1.4020 0.0000
vt -7.5641 1.4083 0.0000
vt -7.5475 1.4101 0.0000
vt -7.5664 1.4199 0.0000
vt -7.5501 1.4218 0.0000
vt -7.5664 1.4318 0.0000
vt -7.5498 1.4337 0.0000
vt -7.5639 1.4420 0.0000
vt -7.5462 1.4424 0.0000
vt -7.5398 1.4481 0.0000
vt -7.5589 1.4507 0.0000
vt -7.5518 1.4574 0.0000
vt -7.5096 1.4602 0.0000
vt -7.2874 2.1443 0.0000
vt -7.2874 2.1100 0.0000
vt -7.3032 2.1100 0.0000
vt -7.3032 2.1886 0.0000
vt -7.2874 2.1886 0.0000
vt -7.2874 2.1576 0.0000
vt -7.2563 2.1443 0.0000
vt -7.2563 2.1576 0.0000
vt -7.2563 2.1886 0.0000
vt -7.2404 2.1886 0.0000
vt -7.2404 2.1100 0.0000
vt -7.2563 2.1100 0.0000
vt -7.2404 -14.4116 0.0000
vt -7.2563 -14.4116 0.0000
vt -7.2563 -14.4117 0.0000
vt -7.2404 -14.4117 0.0000
vt 2.1576 -14.4116 0.0000
vt 2.1576 -14.4117 0.0000
vt -7.2874 -14.4116 0.0000
vt -7.2874 -14.4117 0.0000
vt -7.3032 -14.4116 0.0000
vt -7.3032 -14.4117 0.0000
vt 2.1443 -14.4116 0.0000
vt 2.1443 -14.4117 0.0000
vt 7.1831 2.1396 0.0000
vt 7.1935 2.1396 0.0000
vt 7.2029 2.1399 0.0000
vt 7.1831 2.1529 0.0000
vt 7.2099 2.1407 0.0000
vt 7.2181 2.1445 0.0000
vt 7.2248 2.1522 0.0000
vt 7.1918 2.1529 0.0000
vt 7.1996 2.1532 0.0000
vt 7.2267 2.1577 0.0000
vt 7.2043 2.1541 0.0000
vt 7.2093 2.1580 0.0000
vt 7.2274 2.1644 0.0000
vt 7.2111 2.1641 0.0000
vt 7.2085 2.1712 0.0000
vt 7.2263 2.1729 0.0000
vt 7.2022 2.1747 0.0000
vt 7.2228 2.1797 0.0000
vt 7.1979 2.1751 0.0000
vt 7.1908 2.1753 0.0000
vt 7.1831 2.1753 0.0000
vt 7.1673 2.1886 0.0000
vt 7.2046 2.1883 0.0000
vt 7.1927 2.1886 0.0000
vt 7.2116 2.1874 0.0000
vt 7.2177 2.1846 0.0000
vt 7.1673 2.1100 0.0000
vt 7.1831 2.1100 0.0000
vt 2.1529 -14.4116 0.0000
vt 2.1529 -14.4117 0.0000
vt 2.1580 -14.4116 0.0000
vt 2.1641 -14.4116 0.0000
vt 2.1641 -14.4117 0.0000
vt 2.1580 -14.4117 0.0000
vt 2.1712 -14.4116 0.0000
vt 2.1712 -14.4117 0.0000
vt 2.1396 -14.4116 0.0000
vt 2.1396 -14.4117 0.0000
vt 7.1831 -14.4116 0.0000
vt 7.1673 -14.4116 0.0000
vt 7.1673 -14.4117 0.0000
vt 7.1831 -14.4117 0.0000
vt 7.1538 2.1100 0.0000
vt 7.1538 2.1233 0.0000
vt 7.1100 2.1233 0.0000
vt 7.0941 2.1100 0.0000
vt 7.1494 2.1446 0.0000
vt 7.1494 2.1579 0.0000
vt 7.1100 2.1579 0.0000
vt 7.1100 2.1446 0.0000
vt 7.1100 2.1753 0.0000
vt 7.1523 2.1753 0.0000
vt 7.1523 2.1886 0.0000
vt 7.0941 2.1886 0.0000
vt 7.0941 -14.4116 0.0000
vt 7.1523 -14.4116 0.0000
vt 7.1523 -14.4117 0.0000
vt 7.0941 -14.4117 0.0000
vt 7.1100 -14.4116 0.0000
vt 7.1100 -14.4117 0.0000
vt 7.1494 -14.4116 0.0000
vt 7.1494 -14.4117 0.0000
vt 7.1538 -14.4116 0.0000
vt 7.1538 -14.4117 0.0000
vt 7.0825 2.1100 0.0000
vt 7.0825 2.1233 0.0000
vt 7.0431 2.1233 0.0000
vt 7.0272 2.1100 0.0000
vt 7.0431 2.1879 0.0000
vt 7.0272 2.1879 0.0000
vt 2.1879 -14.4116 0.0000
vt 2.1879 -14.4117 0.0000
vt 7.0272 -14.4116 0.0000
vt 7.0431 -14.4116 0.0000
vt 7.0431 -14.4117 0.0000
vt 7.0272 -14.4117 0.0000
vt 7.0825 -14.4116 0.0000
vt 7.0825 -14.4117 0.0000
vt 7.0134 2.1100 0.0000
vt 7.0134 2.1233 0.0000
vt 6.9696 2.1233 0.0000
vt 6.9537 2.1100 0.0000
vt 7.0089 2.1446 0.0000
vt 7.0089 2.1579 0.0000
vt 6.9696 2.1579 0.0000
vt 6.9696 2.1446 0.0000
vt 6.9696 2.1753 0.0000
vt 7.0119 2.1753 0.0000
vt 7.0119 2.1886 0.0000
vt 6.9537 2.1886 0.0000
vt 6.9537 -14.4116 0.0000
vt 7.0119 -14.4116 0.0000
vt 7.0119 -14.4117 0.0000
vt 6.9537 -14.4117 0.0000
vt 6.9696 -14.4116 0.0000
vt 6.9696 -14.4117 0.0000
vt 7.0089 -14.4116 0.0000
vt 7.0089 -14.4117 0.0000
vt 7.0134 -14.4116 0.0000
vt 7.0134 -14.4117 0.0000
vt -6.9200 2.1753 0.0000
vt -6.9432 2.1753 0.0000
vt -6.9432 2.1886 0.0000
vt -6.8808 2.1886 0.0000
vt -6.8808 2.1753 0.0000
vt -6.9041 2.1753 0.0000
vt -6.9041 2.1100 0.0000
vt -6.9200 2.1100 0.0000
vt -6.9041 -14.4116 0.0000
vt -6.8808 -14.4116 0.0000
vt -6.8808 -14.4117 0.0000
vt -6.9041 -14.4117 0.0000
vt -6.9432 -14.4116 0.0000
vt -6.9432 -14.4117 0.0000
vt -6.9200 -14.4116 0.0000
vt -6.9200 -14.4117 0.0000
vt 7.5718 2.2100 0.0000
vt 6.8558 2.2100 0.0000
vt 6.8558 2.0900 0.0000
vt 7.5718 2.0900 0.0000
vt 14.4132 2.2500 0.0000
vt 15.3982 2.2500 0.0000
vt 15.3982 2.0500 0.0000
vt 14.4132 2.0500 0.0000
vt 6.7213 2.2500 0.0000
vt 7.7063 2.2500 0.0000
vt 7.7063 2.0500 0.0000
vt 6.7213 2.0500 0.0000
vt 7.7063 15.3982 0.0000
vt 6.7213 15.3982 0.0000
vt 6.7213 14.4132 0.0000
vt 7.7063 14.4132 0.0000
vt 0.0085 0.5400 0.0000
vt 0.0085 0.0000 0.0000
vt -0.0188 0.5400 0.0000
vt -0.0188 0.0000 0.0000
vt -0.0000 0.5400 0.0000
vt 0.0000 0.0000 0.0000
vt 0.0060 0.0060 0.0000
vt -0.0060 -0.0060 0.0000
vt -0.0000 -0.0120 0.0000
vt 0.0120 -0.0000 0.0000
vt 0.0120 0.0000 0.0000
vt 0.0000 0.5400 0.0000
vt 0.0085 -0.0000 0.0000
vt 0.0000 -0.0000 0.0000
vt 0.0085 1.6200 0.0000
vt -0.0188 1.6200 0.0000
vt 0.0000 1.6200 0.0000
vt 6.7138 14.5237 0.0000
vt 6.7018 14.5357 0.0000
vt 6.7138 14.5477 0.0000
vt 6.7138 15.2877 0.0000
vt 6.7138 15.2637 0.0000
vt 6.7018 15.2757 0.0000
vt 14.5357 1.9500 0.0000
vt 6.7138 1.9380 0.0000
vt 15.2757 1.9500 0.0000
vt 6.7138 14.6237 0.0000
vt 14.6357 0.2400 0.0000
vt 6.7138 14.6477 0.0000
vt 6.7138 15.1877 0.0000
vt 6.7138 1.8480 0.0000
vt 6.7138 15.1637 0.0000
vt 15.1757 0.2400 0.0000
vt 14.6357 1.8600 0.0000
vt 15.1757 1.8600 0.0000
vt -14.6357 1.8600 0.0000
vt -15.1757 1.8600 0.0000
vt -15.1757 0.2400 0.0000
vt -14.6357 0.2400 0.0000
vt 7.7138 15.2877 0.0000
vt 7.7258 15.2757 0.0000
vt 7.7138 15.2637 0.0000
vt 7.7138 14.5237 0.0000
vt 7.7138 14.5477 0.0000
vt 7.7258 14.5357 0.0000
vt 7.7138 1.9620 0.0000
vt 7.7138 1.8720 0.0000
vt 7.7138 15.1877 0.0000
vt 7.7138 15.1637 0.0000
vt 7.7138 0.2520 0.0000
vt 7.7138 14.6477 0.0000
vt 7.7138 14.6237 0.0000
vt -0.0000 0.0000 0.0000
vt 0.0000 -0.0120 0.0000
vt 6.8318 15.4057 0.0000
vt 6.8438 15.4177 0.0000
vt 6.8558 15.4057 0.0000
vt 7.5958 15.4057 0.0000
vt 7.5718 15.4057 0.0000
vt 7.5838 15.4177 0.0000
vt 6.8438 1.9500 0.0000
vt 15.4057 1.9380 0.0000
vt 7.5838 1.9500 0.0000
vt 15.4057 1.9620 0.0000
vt 6.9318 15.4057 0.0000
vt 6.9438 0.2400 0.0000
vt 6.9558 15.4057 0.0000
vt 7.4958 15.4057 0.0000
vt 15.4057 1.8480 0.0000
vt 15.4057 0.2280 0.0000
vt 15.4057 0.2520 0.0000
vt 7.4838 0.2400 0.0000
vt 6.9438 1.8600 0.0000
vt 7.4838 1.8600 0.0000
vt -6.9438 1.8600 0.0000
vt -7.4838 1.8600 0.0000
vt -7.4838 0.2400 0.0000
vt -6.9438 0.2400 0.0000
vt 7.5958 14.4057 0.0000
vt 7.5838 14.3937 0.0000
vt 7.5718 14.4057 0.0000
vt 6.8318 14.4057 0.0000
vt 6.8558 14.4057 0.0000
vt 6.8438 14.3937 0.0000
vt 14.4057 1.9620 0.0000
vt 14.4057 1.8720 0.0000
vt 7.4958 14.4057 0.0000
vt 7.4718 14.4057 0.0000
vt 14.4057 0.2520 0.0000
vt 6.9558 14.4057 0.0000
vt 6.9318 14.4057 0.0000
vt 7.6938 15.1757 0.0000
vt 7.6938 14.6357 0.0000
vt 7.7138 14.6357 0.0000
vt 7.7138 15.1757 0.0000
vt 7.6938 1.8600 0.0000
vt 7.6938 0.2400 0.0000
vt 7.7138 0.2400 0.0000
vt 7.7138 1.8600 0.0000
vt 7.4838 15.4057 0.0000
vt 7.4838 15.3857 0.0000
vt 6.9438 15.3857 0.0000
vt 6.9438 15.4057 0.0000
vt 15.4057 0.2400 0.0000
vt 15.3857 0.2400 0.0000
vt 15.3857 1.8600 0.0000
vt 15.4057 1.8600 0.0000
vt 6.7338 2.0500 0.0000
vt 6.7338 0.0500 0.0000
vt 7.6938 0.0500 0.0000
vt 7.6938 2.0500 0.0000
vt 15.3857 2.0500 0.0000
vt 15.3857 0.0500 0.0000
vt 14.4257 0.0500 0.0000
vt 14.4257 2.0500 0.0000
vt 14.4057 2.0500 0.0000
vt 14.4057 0.0500 0.0000
vt 15.4057 0.0500 0.0000
vt 15.4057 2.0500 0.0000
vt 14.4257 0.2400 0.0000
vt 14.4057 0.2400 0.0000
vt 14.4057 1.8600 0.0000
vt 14.4257 1.8600 0.0000
vt 7.4838 14.4257 0.0000
vt 7.4838 14.4057 0.0000
vt 6.9438 14.4057 0.0000
vt 6.9438 14.4257 0.0000
vt 7.6938 14.4257 0.0000
vt 7.6938 15.3857 0.0000
vt 6.7138 15.4057 0.0000
vt 7.7138 15.4057 0.0000
vt 7.7138 14.4057 0.0000
vt 6.7138 14.4057 0.0000
vt 6.7338 14.4257 0.0000
vt 6.7338 15.3857 0.0000
vt 7.7138 2.0500 0.0000
vt 7.7138 0.0500 0.0000
vt 6.7138 0.0500 0.0000
vt 6.7138 2.0500 0.0000
vt 6.7138 0.2400 0.0000
vt 6.7138 1.8600 0.0000
vt 6.7338 1.8600 0.0000
vt 6.7338 0.2400 0.0000
vt 6.7138 14.6357 0.0000
vt 6.7138 15.1757 0.0000
vt 6.7338 15.1757 0.0000
vt 6.7338 14.6357 0.0000
vt 7.7088 15.4007 0.0000
vt 6.7188 15.4007 0.0000
vt 6.7188 14.4107 0.0000
vt 7.7088 14.4107 0.0000
vt 14.4107 0.0500 0.0000
vt 15.4007 0.0500 0.0000
vt 15.4007 0.0000 0.0000
vt 14.4107 0.0000 0.0000
vt 6.7188 0.0500 0.0000
vt 7.7088 0.0500 0.0000
vt 7.7088 0.0000 0.0000
vt 6.7188 0.0000 0.0000
# 1428 texture coords

g 10_____011
usemtl wire_088088225
s off
f 1/1/1 2/2/1 3/3/1 4/4/1 
f 5/5/1 6/6/1 7/7/1 8/8/1 
f 8/8/1 7/7/1 9/9/1 10/10/1 
f 10/10/1 9/9/1 11/11/1 12/12/1 
f 12/12/1 11/11/1 13/13/1 14/14/1 
f 14/14/1 13/13/1 15/15/1 16/16/1 
f 16/16/1 15/15/1 17/17/1 18/18/1 
f 18/18/1 17/17/1 19/19/1 20/20/1 
f 20/20/1 19/19/1 21/21/1 22/22/1 
f 22/22/1 21/21/1 23/23/1 4/4/1 
f 1/1/1 4/4/1 23/23/1 
f 24/24/1 25/25/1 26/26/1 27/27/1 
f 24/24/1 27/27/1 28/28/1 29/29/1 
f 24/24/1 29/29/1 30/30/1 31/31/1 
f 24/24/1 31/31/1 32/32/1 33/33/1 
f 24/24/1 33/33/1 34/34/1 35/35/1 
f 24/24/1 35/35/1 36/36/1 37/37/1 
f 24/24/1 37/37/1 38/38/1 39/39/1 
f 24/24/1 39/39/1 40/40/1 41/41/1 
f 24/24/1 41/41/1 42/42/1 43/43/1 
f 24/24/1 43/43/1 44/44/1 
s 1
f 45/45/2 6/6/3 5/5/4 46/46/5 
f 47/47/6 45/45/2 46/46/5 48/48/7 
f 49/49/8 47/47/6 48/48/7 50/50/9 
f 51/51/10 49/49/8 50/50/9 52/52/11 
f 53/53/12 51/51/10 52/52/11 54/54/13 
f 55/55/14 53/53/12 54/54/13 56/56/15 
f 24/24/16 55/55/14 56/56/15 25/25/17 
f 46/46/5 5/5/4 8/8/18 57/57/19 
f 48/48/7 46/46/5 57/57/19 58/58/20 
f 50/50/9 48/48/7 58/58/20 59/59/21 
f 52/52/11 50/50/9 59/59/21 60/60/22 
f 54/54/13 52/52/11 60/60/22 61/61/23 
f 56/56/15 54/54/13 61/61/23 62/62/24 
f 25/25/17 56/56/15 62/62/24 26/26/25 
f 12/12/26 63/63/27 10/10/28 
f 63/63/27 64/64/29 57/57/19 8/8/18 
f 63/63/27 8/8/18 10/10/28 
f 58/58/20 57/57/19 64/64/29 65/65/30 
f 59/59/21 58/58/20 65/65/30 66/66/31 
f 60/60/22 59/59/21 66/66/31 67/67/32 
f 61/61/23 60/60/22 67/67/32 68/68/33 
f 62/62/24 61/61/23 68/68/33 69/69/34 
f 26/26/25 62/62/24 69/69/34 27/27/35 
f 63/63/27 12/12/26 14/14/36 70/70/37 
f 64/64/29 63/63/27 70/70/37 71/71/38 
f 65/65/30 64/64/29 71/71/38 72/72/39 
f 66/66/31 65/65/30 72/72/39 73/73/40 
f 67/67/32 66/66/31 73/73/40 74/74/41 
f 68/68/33 67/67/32 74/74/41 75/75/42 
f 69/69/34 68/68/33 75/75/42 76/76/43 
f 27/27/35 69/69/34 76/76/43 28/28/44 
f 70/70/37 14/14/36 16/16/45 77/77/46 
f 71/71/38 70/70/37 77/77/46 78/78/47 
f 72/72/39 71/71/38 78/78/47 79/79/48 
f 73/73/40 72/72/39 79/79/48 80/80/49 
f 74/74/41 73/73/40 80/80/49 81/81/50 
f 75/75/42 74/74/41 81/81/50 82/82/51 
f 76/76/43 75/75/42 82/82/51 83/83/52 
f 28/28/44 76/76/43 83/83/52 29/29/53 
f 77/77/46 16/16/45 18/18/54 84/84/55 
f 78/78/47 77/77/46 84/84/55 85/85/56 
f 79/79/48 78/78/47 85/85/56 86/86/57 
f 80/80/49 79/79/48 86/86/57 87/87/58 
f 81/81/50 80/80/49 87/87/58 88/88/59 
f 82/82/51 81/81/50 88/88/59 89/89/60 
f 83/83/52 82/82/51 89/89/60 90/90/61 
f 29/29/53 83/83/52 90/90/61 30/30/62 
f 84/84/55 18/18/54 20/20/63 91/91/64 
f 85/85/56 84/84/55 91/91/64 92/92/65 
f 86/86/57 85/85/56 92/92/65 93/93/66 
f 87/87/58 86/86/57 93/93/66 94/94/67 
f 88/88/59 87/87/58 94/94/67 95/95/68 
f 89/89/60 88/88/59 95/95/68 96/96/69 
f 90/90/61 89/89/60 96/96/69 97/97/70 
f 30/30/62 90/90/61 97/97/70 31/31/71 
f 91/91/64 20/20/63 22/22/72 98/98/73 
f 92/92/65 91/91/64 98/98/73 99/99/74 
f 93/93/66 92/92/65 99/99/74 100/100/75 
f 94/94/67 93/93/66 100/100/75 101/101/76 
f 95/95/68 94/94/67 101/101/76 102/102/77 
f 96/96/69 95/95/68 102/102/77 103/103/78 
f 97/97/70 96/96/69 103/103/78 104/104/79 
f 31/31/71 97/97/70 104/104/79 32/32/80 
f 98/98/73 22/22/72 4/4/81 105/105/82 
f 99/99/74 98/98/73 105/105/82 106/106/83 
f 100/100/75 99/99/74 106/106/83 107/107/84 
f 101/101/76 100/100/75 107/107/84 108/108/85 
f 102/102/77 101/101/76 108/108/85 109/109/86 
f 103/103/78 102/102/77 109/109/86 110/110/87 
f 104/104/79 103/103/78 110/110/87 111/111/88 
f 32/32/80 104/104/79 111/111/88 33/33/89 
f 105/105/82 4/4/81 3/3/90 112/112/91 
f 106/106/83 105/105/82 112/112/91 113/113/92 
f 107/107/84 106/106/83 113/113/92 114/114/93 
f 108/108/85 107/107/84 114/114/93 115/115/94 
f 109/109/86 108/108/85 115/115/94 116/116/95 
f 110/110/87 109/109/86 116/116/95 117/117/96 
f 111/111/88 110/110/87 117/117/96 118/118/97 
f 33/33/89 111/111/88 118/118/97 34/34/98 
f 112/112/91 3/3/90 2/2/99 119/119/100 
f 113/113/92 112/112/91 119/119/100 120/120/101 
f 114/114/93 113/113/92 120/120/101 121/121/102 
f 115/115/94 114/114/93 121/121/102 122/122/103 
f 116/116/95 115/115/94 122/122/103 123/123/104 
f 117/117/96 116/116/95 123/123/104 124/124/105 
f 118/118/97 117/117/96 124/124/105 125/125/106 
f 34/34/98 118/118/97 125/125/106 35/35/107 
f 119/119/100 2/2/99 1/1/108 126/126/109 
f 120/120/101 119/119/100 126/126/109 127/127/110 
f 121/121/102 120/120/101 127/127/110 128/128/111 
f 122/122/103 121/121/102 128/128/111 129/129/112 
f 123/123/104 122/122/103 129/129/112 130/130/113 
f 124/124/105 123/123/104 130/130/113 131/131/114 
f 125/125/106 124/124/105 131/131/114 132/132/115 
f 35/35/107 125/125/106 132/132/115 36/36/116 
f 126/126/109 1/1/108 23/23/117 133/98/118 
f 127/127/110 126/126/109 133/98/118 134/99/119 
f 128/128/111 127/127/110 134/99/119 135/133/120 
f 129/129/112 128/128/111 135/133/120 136/134/121 
f 130/130/113 129/129/112 136/134/121 137/102/122 
f 131/131/114 130/130/113 137/102/122 138/103/123 
f 132/132/115 131/131/114 138/103/123 139/135/124 
f 36/36/116 132/132/115 139/135/124 37/37/125 
f 133/98/118 23/23/117 21/21/126 140/91/127 
f 134/99/119 133/98/118 140/91/127 141/92/128 
f 135/133/120 134/99/119 141/92/128 142/93/129 
f 136/134/121 135/133/120 142/93/129 143/94/130 
f 137/102/122 136/134/121 143/94/130 144/95/131 
f 138/103/123 137/102/122 144/95/131 145/96/132 
f 139/135/124 138/103/123 145/96/132 146/97/133 
f 37/37/125 139/135/124 146/97/133 38/38/134 
f 140/91/127 21/21/126 19/19/135 147/84/136 
f 141/92/128 140/91/127 147/84/136 148/85/137 
f 142/93/129 141/92/128 148/85/137 149/86/138 
f 143/94/130 142/93/129 149/86/138 150/87/139 
f 144/95/131 143/94/130 150/87/139 151/88/140 
f 145/96/132 144/95/131 151/88/140 152/89/141 
f 146/97/133 145/96/132 152/89/141 153/90/142 
f 38/38/134 146/97/133 153/90/142 39/39/143 
f 147/84/136 19/19/135 17/17/144 154/77/145 
f 148/85/137 147/84/136 154/77/145 155/78/146 
f 149/86/138 148/85/137 155/78/146 156/79/147 
f 150/87/139 149/86/138 156/79/147 157/80/148 
f 151/88/140 150/87/139 157/80/148 158/81/149 
f 152/89/141 151/88/140 158/81/149 159/82/150 
f 153/90/142 152/89/141 159/82/150 160/83/151 
f 39/39/143 153/90/142 160/83/151 40/40/152 
f 154/77/145 17/17/144 15/15/153 161/70/154 
f 155/78/146 154/77/145 161/70/154 162/71/155 
f 156/79/147 155/78/146 162/71/155 163/72/156 
f 157/80/148 156/79/147 163/72/156 164/73/157 
f 158/81/149 157/80/148 164/73/157 165/74/158 
f 159/82/150 158/81/149 165/74/158 166/75/159 
f 160/83/151 159/82/150 166/75/159 167/76/160 
f 40/40/152 160/83/151 167/76/160 41/41/161 
f 161/70/154 15/15/153 13/13/162 168/63/163 
f 162/71/155 161/70/154 168/63/163 169/64/164 
f 163/72/156 162/71/155 169/64/164 170/65/165 
f 164/73/157 163/72/156 170/65/165 171/66/166 
f 165/74/158 164/73/157 171/66/166 172/67/167 
f 166/75/159 165/74/158 172/67/167 173/68/168 
f 167/76/160 166/75/159 173/68/168 174/69/169 
f 41/41/161 167/76/160 174/69/169 42/42/170 
f 11/11/171 168/63/163 13/13/162 
f 9/9/172 175/136/173 169/64/164 168/63/163 
f 9/9/172 168/63/163 11/11/171 
f 170/65/165 169/64/164 175/136/173 176/137/174 
f 171/66/166 170/65/165 176/137/174 177/138/175 
f 172/67/167 171/66/166 177/138/175 178/139/176 
f 173/68/168 172/67/167 178/139/176 179/140/177 
f 174/69/169 173/68/168 179/140/177 180/141/178 
f 42/42/170 174/69/169 180/141/178 43/43/179 
f 175/136/173 9/9/172 7/7/180 181/142/181 
f 176/137/174 175/136/173 181/142/181 182/143/182 
f 177/138/175 176/137/174 182/143/182 183/144/183 
f 178/139/176 177/138/175 183/144/183 184/145/184 
f 179/140/177 178/139/176 184/145/184 185/146/185 
f 180/141/178 179/140/177 185/146/185 186/147/186 
f 43/43/179 180/141/178 186/147/186 44/44/187 
f 181/142/181 7/7/180 6/6/3 45/45/2 
f 182/143/182 181/142/181 45/45/2 47/47/6 
f 183/144/183 182/143/182 47/47/6 49/49/8 
f 184/145/184 183/144/183 49/49/8 51/51/10 
f 185/146/185 184/145/184 51/51/10 53/53/12 
f 186/147/186 185/146/185 53/53/12 55/55/14 
f 44/44/187 186/147/186 55/55/14 24/24/16 
s off
f 187/148/1 188/149/1 189/150/1 190/151/1 
f 188/152/188 191/153/188 192/154/188 189/155/188 
f 191/149/189 193/148/189 194/151/189 192/150/189 
f 193/153/190 187/152/190 190/155/190 194/154/190 
f 191/156/191 188/157/191 187/158/191 193/159/191 
f 189/157/192 192/156/192 194/159/192 190/158/192 
f 195/160/1 196/161/1 197/162/1 198/163/1 
f 196/152/188 199/164/188 200/165/188 197/155/188 
f 199/161/189 201/160/189 202/163/189 200/162/189 
f 201/164/190 195/152/190 198/155/190 202/165/190 
f 199/166/191 196/167/191 195/168/191 201/169/191 
f 197/167/192 200/166/192 202/169/192 198/168/192 
f 203/170/191 204/171/191 205/172/191 206/173/191 
f 206/173/191 205/172/191 207/174/191 208/175/191 
f 209/172/192 210/171/192 211/170/192 212/173/192 
f 212/173/192 213/175/192 214/174/192 209/172/192 
f 207/176/1 205/177/1 209/178/1 214/179/1 
f 205/152/188 204/153/188 210/154/188 209/155/188 
f 204/177/189 203/180/189 211/181/189 210/178/189 
f 203/180/193 206/182/193 212/183/193 211/181/193 
f 206/182/189 208/176/189 213/179/189 212/183/189 
f 208/184/190 207/152/190 214/155/190 213/185/190 
f 215/186/190 216/187/190 217/188/190 218/189/190 
f 215/186/190 218/189/190 219/190/190 220/191/190 
f 215/186/190 220/191/190 221/192/190 222/193/190 
f 223/194/191 222/193/191 221/192/191 224/195/191 
f 223/194/191 224/195/191 225/196/191 226/197/191 
f 223/194/191 226/197/191 227/198/191 
f 228/199/192 218/200/192 217/201/192 229/202/192 
f 228/199/192 229/202/192 230/203/192 231/204/192 
f 228/199/192 231/204/192 232/205/192 
f 219/206/189 233/207/189 234/208/189 235/209/189 
f 219/206/189 235/209/189 236/210/189 237/211/189 
f 219/206/189 237/211/189 238/212/189 220/191/189 
f 239/213/1 240/214/1 241/215/1 216/216/1 
f 239/213/1 216/216/1 215/217/1 242/218/1 
f 239/213/1 242/218/1 243/219/1 
s 1
f 244/220/194 241/215/195 240/214/196 245/221/197 
f 241/215/195 244/220/194 246/222/198 229/202/199 
f 241/215/195 229/202/199 217/188/200 216/187/200 
f 247/223/201 230/203/202 229/202/199 246/222/198 
f 248/224/203 231/204/204 230/203/202 247/223/201 
f 249/225/205 232/205/206 231/204/204 248/224/203 
f 250/226/207 228/199/208 232/205/206 249/225/205 
f 228/199/208 250/226/207 251/227/209 233/207/210 
f 228/199/208 233/207/210 219/190/211 218/189/212 
f 252/228/213 234/208/214 233/207/210 251/227/209 
f 253/229/215 235/209/216 234/208/214 252/228/213 
f 254/230/217 236/210/218 235/209/216 253/229/215 
f 255/231/219 237/211/220 236/210/218 254/230/217 
f 256/232/221 238/212/222 237/211/220 255/231/219 
f 238/212/222 256/232/221 257/233/223 224/195/224 
f 238/212/222 224/195/224 221/192/225 220/191/225 
f 258/234/226 225/196/227 224/195/224 257/233/223 
f 259/235/228 226/197/229 225/196/227 258/234/226 
f 260/236/230 227/198/231 226/197/229 259/235/228 
f 261/237/232 223/194/233 227/198/231 260/236/230 
f 223/194/233 261/237/232 262/238/234 242/218/235 
f 223/194/233 242/218/235 215/186/236 222/193/236 
f 263/239/237 243/219/238 242/218/235 262/238/234 
f 264/240/239 239/213/240 243/219/238 263/239/237 
f 245/221/197 240/214/196 239/213/240 264/240/239 
f 245/221/197 265/241/188 244/220/194 
f 244/220/194 265/241/188 246/222/198 
f 246/222/198 265/241/188 247/223/201 
f 247/223/201 265/241/188 248/224/203 
f 248/224/203 265/241/188 249/225/205 
f 249/225/205 265/241/188 250/226/207 
f 250/226/207 265/241/188 251/227/209 
f 251/227/209 265/241/188 252/228/213 
f 252/228/213 265/241/188 253/229/215 
f 253/229/215 265/241/188 254/230/217 
f 254/230/217 265/241/188 255/231/219 
f 255/231/219 265/241/188 256/232/221 
f 256/232/221 265/241/188 257/233/223 
f 257/233/223 265/241/188 258/234/226 
f 258/234/226 265/241/188 259/235/228 
f 259/235/228 265/241/188 260/236/230 
f 260/236/230 265/241/188 261/237/232 
f 261/237/232 265/241/188 262/238/234 
f 262/238/234 265/241/188 263/239/237 
f 263/239/237 265/241/188 264/240/239 
f 264/240/239 265/241/188 245/221/197 
f 266/242/241 267/243/1 268/244/242 269/245/243 
f 268/244/242 270/246/244 269/245/243 
f 271/247/245 266/242/241 269/245/243 272/245/246 
f 273/243/247 271/247/245 272/245/246 274/248/248 
f 273/243/247 274/248/248 275/249/249 
f 270/246/244 268/244/242 276/250/250 269/245/243 
f 268/244/251 267/243/1 266/242/251 
f 266/242/251 276/250/250 268/244/251 
f 269/245/243 276/250/250 277/251/252 272/245/246 
f 276/250/250 266/242/241 271/247/245 277/251/252 
f 272/245/246 277/251/252 275/249/249 274/248/248 
f 277/251/252 271/247/245 273/243/247 275/249/249 
s off
f 278/252/189 279/253/189 280/254/189 281/255/189 
f 282/256/189 283/257/189 284/258/189 285/259/189 
f 286/260/189 287/261/189 288/262/189 289/263/189 
f 284/258/189 286/260/189 289/263/189 285/259/189 
f 280/254/189 285/259/189 289/263/189 281/255/189 
f 290/258/1 291/257/1 292/256/1 293/259/1 
f 294/254/1 295/253/1 296/252/1 297/255/1 
f 294/254/1 297/255/1 298/263/1 293/259/1 
f 290/258/1 293/259/1 298/263/1 299/260/1 
f 298/263/1 300/262/1 301/261/1 299/260/1 
f 281/264/191 289/265/191 298/266/191 297/267/191 
f 289/268/188 288/269/188 300/270/188 298/271/188 
f 288/265/192 287/272/192 301/273/192 300/266/192 
f 287/269/190 286/274/190 299/275/190 301/270/190 
f 286/272/192 284/276/192 290/277/192 299/273/192 
f 284/274/188 283/278/188 291/279/188 290/275/188 
f 283/276/192 282/280/192 292/281/192 291/277/192 
f 282/278/190 285/274/190 293/275/190 292/279/190 
f 285/280/192 280/282/192 294/283/192 293/281/192 
f 280/274/188 279/284/188 295/285/188 294/275/188 
f 279/282/192 278/264/192 296/267/192 295/283/192 
f 278/284/190 281/268/190 297/271/190 296/285/190 
f 302/286/189 303/287/189 304/288/189 305/289/189 
f 306/290/189 305/289/189 304/288/189 307/291/189 
f 307/291/189 304/288/189 308/292/189 309/293/189 
f 307/291/189 309/293/189 310/294/189 311/295/189 
f 312/291/1 313/295/1 314/294/1 315/293/1 
f 312/291/1 315/293/1 316/292/1 317/288/1 
f 317/288/1 318/287/1 319/286/1 320/289/1 
f 317/288/1 320/289/1 321/290/1 312/291/1 
f 310/264/191 309/265/191 315/266/191 314/267/191 
f 309/296/188 308/297/188 316/298/188 315/299/188 
f 308/265/253 304/300/253 317/301/253 316/266/253 
f 304/300/191 303/265/191 318/266/191 317/301/191 
f 303/302/188 302/303/188 319/304/188 318/305/188 
f 302/265/192 305/264/192 320/267/192 319/266/192 
f 305/303/190 306/306/190 321/307/190 320/304/190 
f 306/264/254 307/308/254 312/309/254 321/267/254 
f 307/308/192 311/264/192 313/267/192 312/309/192 
f 311/310/190 310/296/190 314/299/190 313/311/190 
f 322/312/189 323/313/189 324/314/189 325/315/189 
f 326/316/189 327/317/189 328/318/189 329/319/189 
f 326/316/189 329/319/189 330/320/189 331/321/189 
f 332/322/189 326/316/189 331/321/189 333/323/189 
f 334/324/189 332/322/189 333/323/189 335/325/189 
f 336/326/189 334/324/189 335/325/189 337/327/189 
f 338/328/189 336/326/189 337/327/189 339/329/189 
f 340/330/189 338/328/189 339/329/189 341/331/189 
f 342/332/189 340/330/189 341/331/189 343/333/189 
f 344/334/189 345/335/189 346/336/189 347/337/189 
f 347/337/189 346/336/189 348/338/189 327/317/189 
f 327/317/189 348/338/189 328/318/189 
f 329/319/189 328/318/189 349/339/189 350/340/189 
f 351/341/189 350/340/189 349/339/189 352/342/189 
f 353/343/189 351/341/189 352/342/189 354/344/189 
f 355/345/189 353/343/189 354/344/189 356/346/189 
f 357/347/189 355/345/189 356/346/189 358/348/189 
f 359/349/189 357/347/189 358/348/189 360/350/189 
f 360/350/189 358/348/189 361/351/189 343/333/189 
f 342/332/189 343/333/189 361/351/189 362/352/189 
f 363/353/189 342/332/189 362/352/189 325/315/189 
f 322/312/189 325/315/189 362/352/189 
f 364/314/1 365/313/1 366/312/1 367/315/1 
f 368/336/1 369/335/1 370/334/1 371/337/1 
f 372/338/1 368/336/1 371/337/1 373/317/1 
f 374/318/1 372/338/1 373/317/1 375/319/1 
f 376/339/1 374/318/1 375/319/1 377/340/1 
f 376/339/1 377/340/1 378/341/1 379/342/1 
f 379/342/1 378/341/1 380/343/1 381/344/1 
f 381/344/1 380/343/1 382/345/1 383/346/1 
f 383/346/1 382/345/1 384/347/1 385/348/1 
f 385/348/1 384/347/1 386/349/1 387/350/1 
f 388/351/1 385/348/1 387/350/1 389/333/1 
f 375/319/1 373/317/1 390/316/1 391/320/1 
f 392/321/1 391/320/1 390/316/1 393/322/1 
f 394/323/1 392/321/1 393/322/1 395/324/1 
f 396/325/1 394/323/1 395/324/1 397/326/1 
f 398/327/1 396/325/1 397/326/1 399/328/1 
f 400/329/1 398/327/1 399/328/1 401/330/1 
f 402/331/1 400/329/1 401/330/1 403/332/1 
f 389/333/1 402/331/1 403/332/1 388/351/1 
f 404/352/1 388/351/1 403/332/1 405/353/1 
f 404/352/1 405/353/1 367/315/1 366/312/1 
s 1
f 335/325/255 333/323/256 394/323/256 396/325/255 
f 333/323/256 331/321/257 392/321/257 394/323/256 
f 331/321/257 330/320/258 391/320/258 392/321/257 
f 330/320/258 329/319/259 375/319/259 391/320/258 
f 329/319/259 350/340/260 377/340/260 375/319/259 
f 350/340/260 351/341/261 378/341/261 377/340/260 
f 351/341/261 353/343/262 380/343/262 378/341/261 
f 353/343/262 355/345/263 382/345/263 380/343/262 
f 355/345/263 357/347/264 384/347/264 382/345/263 
f 357/347/264 359/349/265 386/349/265 384/347/264 
f 359/349/265 360/350/266 387/350/266 386/349/265 
f 360/350/266 343/333/267 389/333/267 387/350/266 
f 343/333/267 341/331/268 402/331/268 389/333/267 
f 341/331/268 339/329/269 400/329/269 402/331/268 
f 339/329/269 337/327/270 398/327/270 400/329/269 
f 337/327/270 335/325/255 396/325/255 398/327/270 
f 334/324/271 336/326/272 397/326/272 395/324/271 
f 336/326/272 338/328/273 399/328/273 397/326/272 
f 338/328/273 340/330/274 401/330/274 399/328/273 
f 340/330/274 342/332/275 403/332/275 401/330/274 
f 342/332/275 363/353/276 405/353/276 403/332/275 
f 363/353/276 325/315/277 367/315/277 405/353/276 
f 325/315/277 324/314/278 364/314/278 367/315/277 
f 324/314/278 323/313/279 365/313/279 364/314/278 
f 323/313/279 322/312/280 366/312/280 365/313/279 
f 322/312/280 362/352/281 404/352/281 366/312/280 
f 362/352/281 361/351/282 388/351/282 404/352/281 
f 361/351/282 358/348/283 385/348/283 388/351/282 
f 358/348/283 356/346/284 383/346/284 385/348/283 
f 356/346/284 354/344/192 381/344/192 383/346/284 
f 354/344/192 352/342/285 379/342/285 381/344/192 
f 352/342/285 349/339/286 376/339/286 379/342/285 
f 349/339/286 328/318/287 374/318/287 376/339/286 
f 328/318/287 348/338/288 372/338/288 374/318/287 
f 348/338/288 346/336/289 368/336/289 372/338/288 
f 346/336/289 345/335/267 369/335/267 368/336/289 
f 345/335/267 344/334/290 370/334/290 369/335/267 
f 344/334/290 347/337/291 371/337/291 370/334/290 
f 347/337/291 327/317/292 373/317/292 371/337/291 
f 327/317/292 326/316/293 390/316/293 373/317/292 
f 326/316/293 332/322/294 393/322/294 390/316/293 
f 332/322/294 334/324/271 395/324/271 393/322/294 
s off
f 406/354/189 407/355/189 408/356/189 409/357/189 
f 409/357/189 410/358/189 411/359/189 406/354/189 
f 412/360/189 406/354/189 411/359/189 413/361/189 
f 413/361/189 414/362/189 415/363/189 412/360/189 
f 412/360/189 415/363/189 416/364/189 417/365/189 
f 418/360/1 419/365/1 420/364/1 421/363/1 
f 421/363/1 422/362/1 423/361/1 418/360/1 
f 424/354/1 418/360/1 423/361/1 425/359/1 
f 425/359/1 426/358/1 427/357/1 424/354/1 
f 424/354/1 427/357/1 428/356/1 429/355/1 
f 416/264/191 415/265/191 421/266/191 420/267/191 
f 415/366/188 414/367/188 422/368/188 421/369/188 
f 414/265/192 413/370/192 423/371/192 422/266/192 
f 413/367/188 411/372/188 425/373/188 423/368/188 
f 411/370/191 410/265/191 426/266/191 425/371/191 
f 410/372/188 409/374/188 427/375/188 426/373/188 
f 409/265/192 408/264/192 428/267/192 427/266/192 
f 408/374/190 407/372/190 429/373/190 428/375/190 
f 407/264/191 406/376/191 424/377/191 429/267/191 
f 406/372/190 412/367/190 418/368/190 424/373/190 
f 412/376/192 417/264/192 419/267/192 418/377/192 
f 417/367/190 416/366/190 420/369/190 419/368/190 
f 430/378/189 431/379/189 432/380/189 433/381/189 
f 433/381/189 432/380/189 434/382/189 435/383/189 
f 433/381/189 435/383/189 436/384/189 437/385/189 
f 438/386/189 437/385/189 436/384/189 439/387/189 
f 440/388/189 438/386/189 439/387/189 441/389/189 
f 441/389/189 439/387/189 442/390/189 443/391/189 
f 444/392/189 443/391/189 442/390/189 445/393/189 
f 446/394/189 444/392/189 445/393/189 447/395/189 
f 448/396/189 446/394/189 447/395/189 449/397/189 
f 450/398/189 449/397/189 447/395/189 451/399/189 
f 452/400/189 453/401/189 451/399/189 454/402/189 
f 455/403/189 454/402/189 451/399/189 447/395/189 
f 433/381/189 450/398/189 451/399/189 430/378/189 
f 430/378/189 451/399/189 456/404/189 457/405/189 
f 458/380/1 459/379/1 460/378/1 461/381/1 
f 460/378/1 462/405/1 463/404/1 464/399/1 
f 461/381/1 460/378/1 464/399/1 465/398/1 
f 464/399/1 466/401/1 467/400/1 468/402/1 
f 464/399/1 468/402/1 469/403/1 470/395/1 
f 465/398/1 464/399/1 470/395/1 471/397/1 
f 472/396/1 471/397/1 470/395/1 473/394/1 
f 473/394/1 470/395/1 474/393/1 475/392/1 
f 475/392/1 474/393/1 476/390/1 477/391/1 
f 478/389/1 477/391/1 476/390/1 479/387/1 
f 480/388/1 478/389/1 479/387/1 481/386/1 
f 481/386/1 479/387/1 482/384/1 483/385/1 
f 461/381/1 483/385/1 482/384/1 484/383/1 
f 461/381/1 484/383/1 485/382/1 458/380/1 
f 450/272/192 433/406/192 461/407/192 465/273/192 
s 1
f 433/381/188 437/385/295 483/385/295 461/381/188 
f 437/385/295 438/386/296 481/386/296 483/385/295 
f 438/386/296 440/388/297 480/388/297 481/386/296 
f 440/388/297 441/389/298 478/389/298 480/388/297 
s off
f 441/408/299 443/409/299 477/410/299 478/411/299 
f 443/409/300 444/412/300 475/413/300 477/410/300 
s 1
f 444/392/301 446/394/302 473/394/302 475/392/301 
f 446/394/302 448/396/303 472/396/303 473/394/302 
f 448/396/303 449/397/304 471/397/304 472/396/303 
f 449/397/304 450/398/190 465/398/190 471/397/304 
s off
f 456/264/191 451/265/191 464/266/191 463/267/191 
s 1
f 451/399/188 453/401/305 466/401/305 464/399/188 
f 453/401/305 452/400/306 467/400/306 466/401/305 
f 452/400/306 454/402/307 468/402/307 467/400/306 
f 454/402/307 455/403/308 469/403/308 468/402/307 
f 455/403/308 447/395/309 470/395/309 469/403/308 
f 447/395/309 445/393/310 474/393/310 470/395/309 
f 445/393/310 442/390/311 476/390/311 474/393/310 
f 442/390/311 439/387/312 479/387/312 476/390/311 
f 439/387/312 436/384/313 482/384/313 479/387/312 
f 436/384/313 435/383/314 484/383/314 482/384/313 
f 435/383/314 434/382/315 485/382/315 484/383/314 
f 434/382/315 432/380/316 458/380/316 485/382/315 
f 432/380/316 431/379/317 459/379/317 458/380/316 
f 431/379/317 430/378/190 460/378/190 459/379/317 
s off
f 430/414/192 457/264/192 462/267/192 460/415/192 
f 457/416/190 456/417/190 463/418/190 462/419/190 
f 486/420/189 487/421/189 488/422/189 489/423/189 
f 490/424/189 491/425/189 492/426/189 493/427/189 
f 494/428/189 495/429/189 496/430/189 497/431/189 
f 492/426/189 494/428/189 497/431/189 493/427/189 
f 488/422/189 493/427/189 497/431/189 489/423/189 
f 498/426/1 499/425/1 500/424/1 501/427/1 
f 502/422/1 503/421/1 504/420/1 505/423/1 
f 502/422/1 505/423/1 506/431/1 501/427/1 
f 498/426/1 501/427/1 506/431/1 507/428/1 
f 506/431/1 508/430/1 509/429/1 507/428/1 
f 489/264/191 497/265/191 506/266/191 505/267/191 
f 497/432/188 496/433/188 508/434/188 506/435/188 
f 496/265/192 495/272/192 509/273/192 508/266/192 
f 495/433/190 494/436/190 507/437/190 509/434/190 
f 494/272/192 492/276/192 498/277/192 507/273/192 
f 492/436/188 491/438/188 499/439/188 498/437/188 
f 491/276/192 490/280/192 500/281/192 499/277/192 
f 490/438/190 493/436/190 501/437/190 500/439/190 
f 493/280/192 488/282/192 502/283/192 501/281/192 
f 488/436/188 487/440/188 503/441/188 502/437/188 
f 487/282/192 486/264/192 504/267/192 503/283/192 
f 486/440/190 489/432/190 505/435/190 504/441/190 
f 510/442/189 511/443/189 512/444/189 513/445/189 
f 512/444/189 514/446/189 515/447/189 513/445/189 
f 516/447/1 517/446/1 518/444/1 519/445/1 
f 518/444/1 520/443/1 521/442/1 519/445/1 
f 513/264/191 515/448/191 516/449/191 519/267/191 
f 515/450/188 514/451/188 517/452/188 516/453/188 
f 514/448/192 512/282/192 518/283/192 517/449/192 
f 512/451/188 511/454/188 520/455/188 518/452/188 
f 511/282/192 510/264/192 521/267/192 520/283/192 
f 510/454/190 513/450/190 519/453/190 521/455/190 
f 522/456/189 523/457/189 524/458/189 525/459/189 
f 526/460/189 527/461/189 528/462/189 529/463/189 
f 530/464/189 531/465/189 532/466/189 533/467/189 
f 528/462/189 530/464/189 533/467/189 529/463/189 
f 524/458/189 529/463/189 533/467/189 525/459/189 
f 534/462/1 535/461/1 536/460/1 537/463/1 
f 538/458/1 539/457/1 540/456/1 541/459/1 
f 538/458/1 541/459/1 542/467/1 537/463/1 
f 534/462/1 537/463/1 542/467/1 543/464/1 
f 542/467/1 544/466/1 545/465/1 543/464/1 
f 525/264/191 533/265/191 542/266/191 541/267/191 
f 533/468/188 532/469/188 544/470/188 542/471/188 
f 532/265/192 531/272/192 545/273/192 544/266/192 
f 531/469/190 530/472/190 543/473/190 545/470/190 
f 530/272/192 528/276/192 534/277/192 543/273/192 
f 528/472/188 527/474/188 535/475/188 534/473/188 
f 527/276/192 526/280/192 536/281/192 535/277/192 
f 526/474/190 529/472/190 537/473/190 536/475/190 
f 529/280/192 524/282/192 538/283/192 537/281/192 
f 524/472/188 523/476/188 539/477/188 538/473/188 
f 523/282/192 522/264/192 540/267/192 539/283/192 
f 522/476/190 525/468/190 541/471/190 540/477/190 
f 546/478/189 547/479/189 548/480/189 549/481/189 
f 546/478/189 549/481/189 550/482/189 
f 551/483/189 552/484/189 553/485/189 546/478/189 
f 554/483/1 555/482/1 556/481/1 557/480/1 
f 554/483/1 557/480/1 558/479/1 
f 559/478/1 560/485/1 561/484/1 554/483/1 
f 552/264/191 551/272/191 554/273/191 561/267/191 
f 551/486/190 550/487/190 555/488/190 554/489/190 
f 550/272/191 549/265/191 556/266/191 555/273/191 
f 549/487/188 548/490/188 557/491/188 556/488/188 
f 548/265/192 547/272/192 558/273/192 557/266/192 
f 547/490/190 546/492/190 559/493/190 558/491/190 
f 546/272/192 553/264/192 560/267/192 559/273/192 
f 553/492/190 552/486/190 561/489/190 560/493/190 
f 562/494/189 563/495/189 564/496/189 565/497/189 
s 1
f 566/498/318 567/499/1 568/249/319 569/500/320 
f 568/249/319 570/501/321 569/500/320 
f 571/498/322 566/498/318 569/500/320 572/502/323 
f 573/503/324 571/498/322 572/502/323 574/501/325 
f 573/503/324 574/501/325 575/244/326 
f 570/501/321 568/249/319 576/251/327 569/500/320 
f 568/249/328 567/499/1 566/498/328 
f 566/498/328 576/251/327 568/249/328 
f 569/500/320 576/251/327 577/250/329 572/502/323 
f 576/251/327 566/498/318 571/498/322 577/250/329 
f 572/502/323 577/250/329 575/244/326 574/501/325 
f 577/250/329 571/498/322 573/503/324 575/244/326 
s off
f 578/504/1 579/505/1 580/506/1 581/507/1 
f 582/508/1 583/509/1 584/510/1 585/511/1 
f 586/512/1 587/513/1 588/514/1 589/515/1 
f 584/510/1 586/512/1 589/515/1 585/511/1 
f 580/506/1 585/511/1 589/515/1 581/507/1 
f 590/510/189 591/509/189 592/508/189 593/511/189 
f 594/506/189 595/505/189 596/504/189 597/507/189 
f 594/506/189 597/507/189 598/515/189 593/511/189 
f 590/510/189 593/511/189 598/515/189 599/512/189 
f 598/515/189 600/514/189 601/513/189 599/512/189 
f 581/516/192 589/517/192 598/518/192 597/519/192 
f 589/520/188 588/521/188 600/522/188 598/523/188 
f 588/517/191 587/524/191 601/525/191 600/518/191 
f 587/521/190 586/526/190 599/527/190 601/522/190 
f 586/524/191 584/528/191 590/529/191 599/525/191 
f 584/526/188 583/530/188 591/531/188 590/527/188 
f 583/528/191 582/532/191 592/533/191 591/529/191 
f 582/530/190 585/526/190 593/527/190 592/531/190 
f 585/532/191 580/534/191 594/535/191 593/533/191 
f 580/526/188 579/536/188 595/537/188 594/527/188 
f 579/534/191 578/516/191 596/519/191 595/535/191 
f 578/536/190 581/520/190 597/523/190 596/537/190 
f 602/538/1 603/539/1 604/540/1 605/541/1 
f 606/542/1 605/541/1 604/540/1 607/543/1 
f 607/543/1 604/540/1 608/544/1 609/545/1 
f 607/543/1 609/545/1 610/546/1 611/547/1 
f 612/543/189 613/547/189 614/546/189 615/545/189 
f 612/543/189 615/545/189 616/544/189 617/540/189 
f 617/540/189 618/539/189 619/538/189 620/541/189 
f 617/540/189 620/541/189 621/542/189 612/543/189 
f 610/516/192 609/517/192 615/518/192 614/519/192 
f 609/548/188 608/549/188 616/550/188 615/551/188 
f 608/517/330 604/552/330 617/553/330 616/518/330 
f 604/552/192 603/517/192 618/518/192 617/553/192 
f 603/554/188 602/555/188 619/556/188 618/557/188 
f 602/517/191 605/516/191 620/519/191 619/518/191 
f 605/555/190 606/558/190 621/559/190 620/556/190 
f 606/516/331 607/560/331 612/561/331 621/519/331 
f 607/560/191 611/516/191 613/519/191 612/561/191 
f 611/562/190 610/548/190 614/551/190 613/563/190 
f 622/564/1 623/565/1 624/566/1 625/567/1 
f 626/568/1 627/569/1 628/570/1 629/571/1 
f 626/568/1 629/571/1 630/572/1 631/573/1 
f 632/574/1 626/568/1 631/573/1 633/575/1 
f 634/576/1 632/574/1 633/575/1 635/577/1 
f 636/578/1 634/576/1 635/577/1 637/579/1 
f 638/580/1 636/578/1 637/579/1 639/581/1 
f 640/582/1 638/580/1 639/581/1 641/583/1 
f 642/584/1 640/582/1 641/583/1 643/585/1 
f 644/586/1 645/587/1 646/588/1 647/589/1 
f 647/589/1 646/588/1 648/590/1 627/569/1 
f 627/569/1 648/590/1 628/570/1 
f 629/571/1 628/570/1 649/591/1 650/592/1 
f 651/593/1 650/592/1 649/591/1 652/594/1 
f 653/595/1 651/593/1 652/594/1 654/596/1 
f 655/597/1 653/595/1 654/596/1 656/598/1 
f 657/599/1 655/597/1 656/598/1 658/600/1 
f 659/601/1 657/599/1 658/600/1 660/602/1 
f 660/602/1 658/600/1 661/603/1 643/585/1 
f 642/584/1 643/585/1 661/603/1 662/604/1 
f 663/605/1 642/584/1 662/604/1 625/567/1 
f 622/564/1 625/567/1 662/604/1 
f 664/566/189 665/565/189 666/564/189 667/567/189 
f 668/588/189 669/587/189 670/586/189 671/589/189 
f 672/590/189 668/588/189 671/589/189 673/569/189 
f 674/570/189 672/590/189 673/569/189 675/571/189 
f 676/591/189 674/570/189 675/571/189 677/592/189 
f 676/591/189 677/592/189 678/593/189 679/594/189 
f 679/594/189 678/593/189 680/595/189 681/596/189 
f 681/596/189 680/595/189 682/597/189 683/598/189 
f 683/598/189 682/597/189 684/599/189 685/600/189 
f 685/600/189 684/599/189 686/601/189 687/602/189 
f 688/603/189 685/600/189 687/602/189 689/585/189 
f 675/571/189 673/569/189 690/568/189 691/572/189 
f 692/573/189 691/572/189 690/568/189 693/574/189 
f 694/575/189 692/573/189 693/574/189 695/576/189 
f 696/577/189 694/575/189 695/576/189 697/578/189 
f 698/579/189 696/577/189 697/578/189 699/580/189 
f 700/581/189 698/579/189 699/580/189 701/582/189 
f 702/583/189 700/581/189 701/582/189 703/584/189 
f 689/585/189 702/583/189 703/584/189 688/603/189 
f 704/604/189 688/603/189 703/584/189 705/605/189 
f 704/604/189 705/605/189 667/567/189 666/564/189 
s 1
f 635/577/332 633/575/333 694/575/333 696/577/332 
f 633/575/333 631/573/334 692/573/334 694/575/333 
f 631/573/334 630/572/335 691/572/335 692/573/334 
f 630/572/335 629/571/336 675/571/336 691/572/335 
f 629/571/336 650/592/337 677/592/337 675/571/336 
f 650/592/337 651/593/338 678/593/338 677/592/337 
f 651/593/338 653/595/339 680/595/339 678/593/338 
f 653/595/339 655/597/340 682/597/340 680/595/339 
f 655/597/340 657/599/341 684/599/341 682/597/340 
f 657/599/341 659/601/342 686/601/342 684/599/341 
f 659/601/342 660/602/343 687/602/343 686/601/342 
f 660/602/343 643/585/344 689/585/344 687/602/343 
f 643/585/344 641/583/345 702/583/345 689/585/344 
f 641/583/345 639/581/346 700/581/346 702/583/345 
f 639/581/346 637/579/347 698/579/347 700/581/346 
f 637/579/347 635/577/332 696/577/332 698/579/347 
f 634/576/348 636/578/349 697/578/349 695/576/348 
f 636/578/349 638/580/350 699/580/350 697/578/349 
f 638/580/350 640/582/351 701/582/351 699/580/350 
f 640/582/351 642/584/352 703/584/352 701/582/351 
f 642/584/352 663/605/353 705/605/353 703/584/352 
f 663/605/353 625/567/354 667/567/354 705/605/353 
f 625/567/354 624/566/355 664/566/355 667/567/354 
f 624/566/355 623/565/356 665/565/356 664/566/355 
f 623/565/356 622/564/357 666/564/357 665/565/356 
f 622/564/357 662/604/358 704/604/358 666/564/357 
f 662/604/358 661/603/359 688/603/359 704/604/358 
f 661/603/359 658/600/360 685/600/360 688/603/359 
f 658/600/360 656/598/361 683/598/361 685/600/360 
f 656/598/361 654/596/191 681/596/191 683/598/361 
f 654/596/191 652/594/362 679/594/362 681/596/191 
f 652/594/362 649/591/363 676/591/363 679/594/362 
f 649/591/363 628/570/364 674/570/364 676/591/363 
f 628/570/364 648/590/365 672/590/365 674/570/364 
f 648/590/365 646/588/366 668/588/366 672/590/365 
f 646/588/366 645/587/344 669/587/344 668/588/366 
f 645/587/344 644/586/367 670/586/367 669/587/344 
f 644/586/367 647/589/368 671/589/368 670/586/367 
f 647/589/368 627/569/369 673/569/369 671/589/368 
f 627/569/369 626/568/370 690/568/370 673/569/369 
f 626/568/370 632/574/371 693/574/371 690/568/370 
f 632/574/371 634/576/348 695/576/348 693/574/371 
s off
f 706/606/1 707/607/1 708/608/1 709/609/1 
f 709/609/1 710/610/1 711/611/1 706/606/1 
f 712/612/1 706/606/1 711/611/1 713/613/1 
f 713/613/1 714/614/1 715/615/1 712/612/1 
f 712/612/1 715/615/1 716/616/1 717/617/1 
f 718/612/189 719/617/189 720/616/189 721/615/189 
f 721/615/189 722/614/189 723/613/189 718/612/189 
f 724/606/189 718/612/189 723/613/189 725/611/189 
f 725/611/189 726/610/189 727/609/189 724/606/189 
f 724/606/189 727/609/189 728/608/189 729/607/189 
f 716/516/192 715/517/192 721/518/192 720/519/192 
f 715/618/188 714/619/188 722/620/188 721/621/188 
f 714/517/191 713/622/191 723/623/191 722/518/191 
f 713/619/188 711/624/188 725/625/188 723/620/188 
f 711/622/192 710/517/192 726/518/192 725/623/192 
f 710/624/188 709/626/188 727/627/188 726/625/188 
f 709/517/191 708/516/191 728/519/191 727/518/191 
f 708/626/190 707/624/190 729/625/190 728/627/190 
f 707/516/192 706/628/192 724/629/192 729/519/192 
f 706/624/190 712/619/190 718/620/190 724/625/190 
f 712/628/191 717/516/191 719/519/191 718/629/191 
f 717/619/190 716/618/190 720/621/190 719/620/190 
f 730/630/1 731/631/1 732/632/1 733/633/1 
f 733/633/1 732/632/1 734/634/1 735/635/1 
f 733/633/1 735/635/1 736/636/1 737/637/1 
f 738/638/1 737/637/1 736/636/1 739/639/1 
f 740/640/1 738/638/1 739/639/1 741/641/1 
f 741/641/1 739/639/1 742/642/1 743/643/1 
f 744/644/1 743/643/1 742/642/1 745/645/1 
f 746/646/1 744/644/1 745/645/1 747/647/1 
f 748/648/1 746/646/1 747/647/1 749/649/1 
f 750/650/1 749/649/1 747/647/1 751/651/1 
f 752/652/1 753/653/1 751/651/1 754/654/1 
f 755/655/1 754/654/1 751/651/1 747/647/1 
f 733/633/1 750/650/1 751/651/1 730/630/1 
f 730/630/1 751/651/1 756/656/1 757/657/1 
f 758/632/189 759/631/189 760/630/189 761/633/189 
f 760/630/189 762/657/189 763/656/189 764/651/189 
f 761/633/189 760/630/189 764/651/189 765/650/189 
f 764/651/189 766/653/189 767/652/189 768/654/189 
f 764/651/189 768/654/189 769/655/189 770/647/189 
f 765/650/189 764/651/189 770/647/189 771/649/189 
f 772/648/189 771/649/189 770/647/189 773/646/189 
f 773/646/189 770/647/189 774/645/189 775/644/189 
f 775/644/189 774/645/189 776/642/189 777/643/189 
f 778/641/189 777/643/189 776/642/189 779/639/189 
f 780/640/189 778/641/189 779/639/189 781/638/189 
f 781/638/189 779/639/189 782/636/189 783/637/189 
f 761/633/189 783/637/189 782/636/189 784/635/189 
f 761/633/189 784/635/189 785/634/189 758/632/189 
f 750/524/191 733/658/191 761/659/191 765/525/191 
s 1
f 733/633/188 737/637/372 783/637/372 761/633/188 
f 737/637/372 738/638/373 781/638/373 783/637/372 
f 738/638/373 740/640/374 780/640/374 781/638/373 
f 740/640/374 741/641/375 778/641/375 780/640/374 
s off
f 741/660/376 743/661/376 777/662/376 778/663/376 
f 743/661/377 744/664/377 775/665/377 777/662/377 
s 1
f 744/644/378 746/646/379 773/646/379 775/644/378 
f 746/646/379 748/648/380 772/648/380 773/646/379 
f 748/648/380 749/649/381 771/649/381 772/648/380 
f 749/649/381 750/650/190 765/650/190 771/649/381 
s off
f 756/516/192 751/517/192 764/518/192 763/519/192 
s 1
f 751/651/188 753/653/382 766/653/382 764/651/188 
f 753/653/382 752/652/383 767/652/383 766/653/382 
f 752/652/383 754/654/384 768/654/384 767/652/383 
f 754/654/384 755/655/385 769/655/385 768/654/384 
f 755/655/385 747/647/386 770/647/386 769/655/385 
f 747/647/386 745/645/387 774/645/387 770/647/386 
f 745/645/387 742/642/388 776/642/388 774/645/387 
f 742/642/388 739/639/389 779/639/389 776/642/388 
f 739/639/389 736/636/390 782/636/390 779/639/389 
f 736/636/390 735/635/391 784/635/391 782/636/390 
f 735/635/391 734/634/392 785/634/392 784/635/391 
f 734/634/392 732/632/393 758/632/393 785/634/392 
f 732/632/393 731/631/394 759/631/394 758/632/393 
f 731/631/394 730/630/190 760/630/190 759/631/394 
s off
f 730/666/191 757/516/191 762/519/191 760/667/191 
f 757/668/190 756/669/190 763/670/190 762/671/190 
f 786/672/1 787/673/1 788/674/1 789/675/1 
f 790/676/1 791/677/1 792/678/1 793/679/1 
f 794/680/1 795/681/1 796/682/1 797/683/1 
f 792/678/1 794/680/1 797/683/1 793/679/1 
f 788/674/1 793/679/1 797/683/1 789/675/1 
f 798/678/189 799/677/189 800/676/189 801/679/189 
f 802/674/189 803/673/189 804/672/189 805/675/189 
f 802/674/189 805/675/189 806/683/189 801/679/189 
f 798/678/189 801/679/189 806/683/189 807/680/189 
f 806/683/189 808/682/189 809/681/189 807/680/189 
f 789/516/192 797/517/192 806/518/192 805/519/192 
f 797/684/188 796/685/188 808/686/188 806/687/188 
f 796/517/191 795/524/191 809/525/191 808/518/191 
f 795/685/190 794/688/190 807/689/190 809/686/190 
f 794/524/191 792/528/191 798/529/191 807/525/191 
f 792/688/188 791/690/188 799/691/188 798/689/188 
f 791/528/191 790/532/191 800/533/191 799/529/191 
f 790/690/190 793/688/190 801/689/190 800/691/190 
f 793/532/191 788/534/191 802/535/191 801/533/191 
f 788/688/188 787/692/188 803/693/188 802/689/188 
f 787/534/191 786/516/191 804/519/191 803/535/191 
f 786/692/190 789/684/190 805/687/190 804/693/190 
f 810/694/1 811/695/1 812/696/1 813/697/1 
f 812/696/1 814/698/1 815/699/1 813/697/1 
f 816/699/189 817/698/189 818/696/189 819/697/189 
f 818/696/189 820/695/189 821/694/189 819/697/189 
f 813/516/192 815/700/192 816/701/192 819/519/192 
f 815/702/188 814/703/188 817/704/188 816/705/188 
f 814/700/191 812/534/191 818/535/191 817/701/191 
f 812/703/188 811/706/188 820/707/188 818/704/188 
f 811/534/191 810/516/191 821/519/191 820/535/191 
f 810/706/190 813/702/190 819/705/190 821/707/190 
f 822/708/1 823/709/1 824/710/1 825/711/1 
f 826/712/1 827/713/1 828/714/1 829/715/1 
f 830/716/1 831/717/1 832/718/1 833/719/1 
f 828/714/1 830/716/1 833/719/1 829/715/1 
f 824/710/1 829/715/1 833/719/1 825/711/1 
f 834/714/189 835/713/189 836/712/189 837/715/189 
f 838/710/189 839/709/189 840/708/189 841/711/189 
f 838/710/189 841/711/189 842/719/189 837/715/189 
f 834/714/189 837/715/189 842/719/189 843/716/189 
f 842/719/189 844/718/189 845/717/189 843/716/189 
f 825/516/192 833/517/192 842/518/192 841/519/192 
f 833/720/188 832/721/188 844/722/188 842/723/188 
f 832/517/191 831/524/191 845/525/191 844/518/191 
f 831/721/190 830/724/190 843/725/190 845/722/190 
f 830/524/191 828/528/191 834/529/191 843/525/191 
f 828/724/188 827/726/188 835/727/188 834/725/188 
f 827/528/191 826/532/191 836/533/191 835/529/191 
f 826/726/190 829/724/190 837/725/190 836/727/190 
f 829/532/191 824/534/191 838/535/191 837/533/191 
f 824/724/188 823/728/188 839/729/188 838/725/188 
f 823/534/191 822/516/191 840/519/191 839/535/191 
f 822/728/190 825/720/190 841/723/190 840/729/190 
f 846/730/1 847/731/1 848/732/1 849/733/1 
f 846/730/1 849/733/1 850/734/1 
f 851/735/1 852/736/1 853/737/1 846/730/1 
f 854/735/189 855/734/189 856/733/189 857/732/189 
f 854/735/189 857/732/189 858/731/189 
f 859/730/189 860/737/189 861/736/189 854/735/189 
f 852/516/192 851/524/192 854/525/192 861/519/192 
f 851/738/190 850/739/190 855/740/190 854/741/190 
f 850/524/192 849/517/192 856/518/192 855/525/192 
f 849/739/188 848/742/188 857/743/188 856/740/188 
f 848/517/191 847/524/191 858/525/191 857/518/191 
f 847/742/190 846/744/190 859/745/190 858/743/190 
f 846/524/191 853/516/191 860/519/191 859/525/191 
f 853/744/190 852/738/190 861/741/190 860/745/190 
f 862/746/1 863/747/1 864/748/1 865/749/1 
s 1
f 866/750/395 867/751/1 868/752/396 869/753/397 
f 868/752/396 870/754/398 869/753/397 
f 871/755/399 866/750/395 869/753/397 872/756/400 
f 873/751/401 871/755/399 872/756/400 874/754/402 
f 873/751/401 874/754/402 875/757/403 
f 870/754/398 868/752/396 876/758/404 869/753/397 
f 868/752/405 867/751/1 866/750/405 
f 866/750/405 876/758/404 868/752/405 
f 869/753/397 876/758/404 877/759/406 872/756/400 
f 876/758/404 866/750/395 871/755/399 877/759/406 
f 872/756/400 877/759/406 875/757/403 874/754/402 
f 877/759/406 871/755/399 873/751/401 875/757/403 
s off
f 878/760/191 879/761/191 880/762/191 881/763/191 
f 882/764/191 883/765/191 884/766/191 885/767/191 
f 886/768/191 887/769/191 888/770/191 889/771/191 
f 884/766/191 886/768/191 889/771/191 885/767/191 
f 880/762/191 885/767/191 889/771/191 881/763/191 
f 890/766/192 891/765/192 892/764/192 893/767/192 
f 894/762/192 895/761/192 896/760/192 897/763/192 
f 894/762/192 897/763/192 898/771/192 893/767/192 
f 890/766/192 893/767/192 898/771/192 899/768/192 
f 898/771/192 900/770/192 901/769/192 899/768/192 
f 881/772/1 889/773/1 898/774/1 897/775/1 
f 889/776/188 888/777/188 900/778/188 898/779/188 
f 888/773/189 887/780/189 901/781/189 900/774/189 
f 887/777/190 886/782/190 899/783/190 901/778/190 
f 886/780/189 884/784/189 890/785/189 899/781/189 
f 884/782/188 883/786/188 891/787/188 890/783/188 
f 883/784/189 882/788/189 892/789/189 891/785/189 
f 882/786/190 885/782/190 893/783/190 892/787/190 
f 885/788/189 880/790/189 894/791/189 893/789/189 
f 880/782/188 879/792/188 895/793/188 894/783/188 
f 879/790/189 878/772/189 896/775/189 895/791/189 
f 878/792/190 881/776/190 897/779/190 896/793/190 
f 902/794/191 903/795/191 904/796/191 905/797/191 
f 906/798/191 905/797/191 904/796/191 907/799/191 
f 907/799/191 904/796/191 908/800/191 909/801/191 
f 907/799/191 909/801/191 910/802/191 911/803/191 
f 912/799/192 913/803/192 914/802/192 915/801/192 
f 912/799/192 915/801/192 916/800/192 917/796/192 
f 917/796/192 918/795/192 919/794/192 920/797/192 
f 917/796/192 920/797/192 921/798/192 912/799/192 
f 910/772/1 909/773/1 915/774/1 914/775/1 
f 909/804/188 908/805/188 916/806/188 915/807/188 
f 908/773/407 904/808/407 917/809/407 916/774/407 
f 904/808/1 903/773/1 918/774/1 917/809/1 
f 903/810/188 902/811/188 919/812/188 918/813/188 
f 902/773/189 905/772/189 920/775/189 919/774/189 
f 905/811/190 906/814/190 921/815/190 920/812/190 
f 906/772/408 907/816/408 912/817/408 921/775/408 
f 907/816/189 911/772/189 913/775/189 912/817/189 
f 911/818/190 910/804/190 914/807/190 913/819/190 
f 922/820/191 923/821/191 924/822/191 925/823/191 
f 926/824/191 927/825/191 928/826/191 929/827/191 
f 926/824/191 929/827/191 930/828/191 931/829/191 
f 932/830/191 926/824/191 931/829/191 933/831/191 
f 934/832/191 932/830/191 933/831/191 935/833/191 
f 936/834/191 934/832/191 935/833/191 937/835/191 
f 938/836/191 936/834/191 937/835/191 939/837/191 
f 940/838/191 938/836/191 939/837/191 941/839/191 
f 942/840/191 940/838/191 941/839/191 943/841/191 
f 944/842/191 945/843/191 946/844/191 947/845/191 
f 947/845/191 946/844/191 948/846/191 927/825/191 
f 927/825/191 948/846/191 928/826/191 
f 929/827/191 928/826/191 949/847/191 950/848/191 
f 951/849/191 950/848/191 949/847/191 952/850/191 
f 953/851/191 951/849/191 952/850/191 954/852/191 
f 955/853/191 953/851/191 954/852/191 956/854/191 
f 957/855/191 955/853/191 956/854/191 958/856/191 
f 959/857/191 957/855/191 958/856/191 960/858/191 
f 960/858/191 958/856/191 961/859/191 943/841/191 
f 942/840/191 943/841/191 961/859/191 962/860/191 
f 963/861/191 942/840/191 962/860/191 925/823/191 
f 922/820/191 925/823/191 962/860/191 
f 964/822/192 965/821/192 966/820/192 967/823/192 
f 968/844/192 969/843/192 970/842/192 971/845/192 
f 972/846/192 968/844/192 971/845/192 973/825/192 
f 974/826/192 972/846/192 973/825/192 975/827/192 
f 976/847/192 974/826/192 975/827/192 977/848/192 
f 976/847/192 977/848/192 978/849/192 979/850/192 
f 979/850/192 978/849/192 980/851/192 981/852/192 
f 981/852/192 980/851/192 982/853/192 983/854/192 
f 983/854/192 982/853/192 984/855/192 985/856/192 
f 985/856/192 984/855/192 986/857/192 987/858/192 
f 988/859/192 985/856/192 987/858/192 989/841/192 
f 975/827/192 973/825/192 990/824/192 991/828/192 
f 992/829/192 991/828/192 990/824/192 993/830/192 
f 994/831/192 992/829/192 993/830/192 995/832/192 
f 996/833/192 994/831/192 995/832/192 997/834/192 
f 998/835/192 996/833/192 997/834/192 999/836/192 
f 1000/837/192 998/835/192 999/836/192 1001/838/192 
f 1002/839/192 1000/837/192 1001/838/192 1003/840/192 
f 989/841/192 1002/839/192 1003/840/192 988/859/192 
f 1004/860/192 988/859/192 1003/840/192 1005/861/192 
f 1004/860/192 1005/861/192 967/823/192 966/820/192 
s 1
f 935/833/409 933/831/410 994/831/410 996/833/409 
f 933/831/410 931/829/411 992/829/411 994/831/410 
f 931/829/411 930/828/412 991/828/412 992/829/411 
f 930/828/412 929/827/413 975/827/413 991/828/412 
f 929/827/413 950/848/414 977/848/414 975/827/413 
f 950/848/414 951/849/415 978/849/415 977/848/414 
f 951/849/415 953/851/416 980/851/416 978/849/415 
f 953/851/416 955/853/417 982/853/417 980/851/416 
f 955/853/417 957/855/418 984/855/418 982/853/417 
f 957/855/418 959/857/419 986/857/419 984/855/418 
f 959/857/419 960/858/420 987/858/420 986/857/419 
f 960/858/420 943/841/421 989/841/421 987/858/420 
f 943/841/421 941/839/422 1002/839/422 989/841/421 
f 941/839/422 939/837/423 1000/837/423 1002/839/422 
f 939/837/423 937/835/424 998/835/424 1000/837/423 
f 937/835/424 935/833/409 996/833/409 998/835/424 
f 934/832/425 936/834/426 997/834/426 995/832/425 
f 936/834/426 938/836/427 999/836/427 997/834/426 
f 938/836/427 940/838/428 1001/838/428 999/836/427 
f 940/838/428 942/840/429 1003/840/429 1001/838/428 
f 942/840/429 963/861/430 1005/861/430 1003/840/429 
f 963/861/430 925/823/431 967/823/431 1005/861/430 
f 925/823/431 924/822/432 964/822/432 967/823/431 
f 924/822/432 923/821/433 965/821/433 964/822/432 
f 923/821/433 922/820/434 966/820/434 965/821/433 
f 922/820/434 962/860/435 1004/860/435 966/820/434 
f 962/860/435 961/859/436 988/859/436 1004/860/435 
f 961/859/436 958/856/437 985/856/437 988/859/436 
f 958/856/437 956/854/438 983/854/438 985/856/437 
f 956/854/438 954/852/189 981/852/189 983/854/438 
f 954/852/189 952/850/439 979/850/439 981/852/189 
f 952/850/439 949/847/440 976/847/440 979/850/439 
f 949/847/440 928/826/441 974/826/441 976/847/440 
f 928/826/441 948/846/442 972/846/442 974/826/441 
f 948/846/442 946/844/443 968/844/443 972/846/442 
f 946/844/443 945/843/421 969/843/421 968/844/443 
f 945/843/421 944/842/444 970/842/444 969/843/421 
f 944/842/444 947/845/445 971/845/445 970/842/444 
f 947/845/445 927/825/446 973/825/446 971/845/445 
f 927/825/446 926/824/447 990/824/447 973/825/446 
f 926/824/447 932/830/448 993/830/448 990/824/447 
f 932/830/448 934/832/425 995/832/425 993/830/448 
s off
f 1006/862/191 1007/863/191 1008/864/191 1009/865/191 
f 1009/865/191 1010/866/191 1011/867/191 1006/862/191 
f 1012/868/191 1006/862/191 1011/867/191 1013/869/191 
f 1013/869/191 1014/870/191 1015/871/191 1012/868/191 
f 1012/868/191 1015/871/191 1016/872/191 1017/873/191 
f 1018/868/192 1019/873/192 1020/872/192 1021/871/192 
f 1021/871/192 1022/870/192 1023/869/192 1018/868/192 
f 1024/862/192 1018/868/192 1023/869/192 1025/867/192 
f 1025/867/192 1026/866/192 1027/865/192 1024/862/192 
f 1024/862/192 1027/865/192 1028/864/192 1029/863/192 
f 1016/772/1 1015/773/1 1021/774/1 1020/775/1 
f 1015/874/188 1014/875/188 1022/876/188 1021/877/188 
f 1014/773/189 1013/878/189 1023/879/189 1022/774/189 
f 1013/875/188 1011/880/188 1025/881/188 1023/876/188 
f 1011/878/1 1010/773/1 1026/774/1 1025/879/1 
f 1010/880/188 1009/882/188 1027/883/188 1026/881/188 
f 1009/773/189 1008/772/189 1028/775/189 1027/774/189 
f 1008/882/190 1007/880/190 1029/881/190 1028/883/190 
f 1007/772/1 1006/884/1 1024/885/1 1029/775/1 
f 1006/880/190 1012/875/190 1018/876/190 1024/881/190 
f 1012/884/189 1017/772/189 1019/775/189 1018/885/189 
f 1017/875/190 1016/874/190 1020/877/190 1019/876/190 
f 1030/886/191 1031/887/191 1032/888/191 1033/889/191 
f 1033/889/191 1032/888/191 1034/890/191 1035/891/191 
f 1033/889/191 1035/891/191 1036/892/191 1037/893/191 
f 1038/894/191 1037/893/191 1036/892/191 1039/895/191 
f 1040/896/191 1038/894/191 1039/895/191 1041/897/191 
f 1041/897/191 1039/895/191 1042/898/191 1043/899/191 
f 1044/900/191 1043/899/191 1042/898/191 1045/901/191 
f 1046/902/191 1044/900/191 1045/901/191 1047/903/191 
f 1048/904/191 1046/902/191 1047/903/191 1049/905/191 
f 1050/906/191 1049/905/191 1047/903/191 1051/907/191 
f 1052/908/191 1053/909/191 1051/907/191 1054/910/191 
f 1055/911/191 1054/910/191 1051/907/191 1047/903/191 
f 1033/889/191 1050/906/191 1051/907/191 1030/886/191 
f 1030/886/191 1051/907/191 1056/912/191 1057/913/191 
f 1058/888/192 1059/887/192 1060/886/192 1061/889/192 
f 1060/886/192 1062/913/192 1063/912/192 1064/907/192 
f 1061/889/192 1060/886/192 1064/907/192 1065/906/192 
f 1064/907/192 1066/909/192 1067/908/192 1068/910/192 
f 1064/907/192 1068/910/192 1069/911/192 1070/903/192 
f 1065/906/192 1064/907/192 1070/903/192 1071/905/192 
f 1072/904/192 1071/905/192 1070/903/192 1073/902/192 
f 1073/902/192 1070/903/192 1074/901/192 1075/900/192 
f 1075/900/192 1074/901/192 1076/898/192 1077/899/192 
f 1078/897/192 1077/899/192 1076/898/192 1079/895/192 
f 1080/896/192 1078/897/192 1079/895/192 1081/894/192 
f 1081/894/192 1079/895/192 1082/892/192 1083/893/192 
f 1061/889/192 1083/893/192 1082/892/192 1084/891/192 
f 1061/889/192 1084/891/192 1085/890/192 1058/888/192 
f 1050/780/189 1033/914/189 1061/915/189 1065/781/189 
s 1
f 1033/889/188 1037/893/449 1083/893/449 1061/889/188 
f 1037/893/449 1038/894/450 1081/894/450 1083/893/449 
f 1038/894/450 1040/896/451 1080/896/451 1081/894/450 
f 1040/896/451 1041/897/452 1078/897/452 1080/896/451 
s off
f 1041/916/453 1043/917/453 1077/918/453 1078/919/453 
f 1043/917/454 1044/920/454 1075/921/454 1077/918/454 
s 1
f 1044/900/455 1046/902/456 1073/902/456 1075/900/455 
f 1046/902/456 1048/904/457 1072/904/457 1073/902/456 
f 1048/904/457 1049/905/458 1071/905/458 1072/904/457 
f 1049/905/458 1050/906/190 1065/906/190 1071/905/458 
s off
f 1056/772/1 1051/773/1 1064/774/1 1063/775/1 
s 1
f 1051/907/188 1053/909/459 1066/909/459 1064/907/188 
f 1053/909/459 1052/908/460 1067/908/460 1066/909/459 
f 1052/908/460 1054/910/461 1068/910/461 1067/908/460 
f 1054/910/461 1055/911/462 1069/911/462 1068/910/461 
f 1055/911/462 1047/903/463 1070/903/463 1069/911/462 
f 1047/903/463 1045/901/464 1074/901/464 1070/903/463 
f 1045/901/464 1042/898/465 1076/898/465 1074/901/464 
f 1042/898/465 1039/895/466 1079/895/466 1076/898/465 
f 1039/895/466 1036/892/467 1082/892/467 1079/895/466 
f 1036/892/467 1035/891/468 1084/891/468 1082/892/467 
f 1035/891/468 1034/890/469 1085/890/469 1084/891/468 
f 1034/890/469 1032/888/470 1058/888/470 1085/890/469 
f 1032/888/470 1031/887/471 1059/887/471 1058/888/470 
f 1031/887/471 1030/886/190 1060/886/190 1059/887/471 
s off
f 1030/922/189 1057/772/189 1062/775/189 1060/923/189 
f 1057/924/190 1056/925/190 1063/926/190 1062/927/190 
f 1086/928/191 1087/929/191 1088/930/191 1089/931/191 
f 1090/932/191 1091/933/191 1092/934/191 1093/935/191 
f 1094/936/191 1095/937/191 1096/938/191 1097/939/191 
f 1092/934/191 1094/936/191 1097/939/191 1093/935/191 
f 1088/930/191 1093/935/191 1097/939/191 1089/931/191 
f 1098/934/192 1099/933/192 1100/932/192 1101/935/192 
f 1102/930/192 1103/929/192 1104/928/192 1105/931/192 
f 1102/930/192 1105/931/192 1106/939/192 1101/935/192 
f 1098/934/192 1101/935/192 1106/939/192 1107/936/192 
f 1106/939/192 1108/938/192 1109/937/192 1107/936/192 
f 1089/772/1 1097/773/1 1106/774/1 1105/775/1 
f 1097/940/188 1096/941/188 1108/942/188 1106/943/188 
f 1096/773/189 1095/780/189 1109/781/189 1108/774/189 
f 1095/941/190 1094/944/190 1107/945/190 1109/942/190 
f 1094/780/189 1092/784/189 1098/785/189 1107/781/189 
f 1092/944/188 1091/946/188 1099/947/188 1098/945/188 
f 1091/784/189 1090/788/189 1100/789/189 1099/785/189 
f 1090/946/190 1093/944/190 1101/945/190 1100/947/190 
f 1093/788/189 1088/790/189 1102/791/189 1101/789/189 
f 1088/944/188 1087/948/188 1103/949/188 1102/945/188 
f 1087/790/189 1086/772/189 1104/775/189 1103/791/189 
f 1086/948/190 1089/940/190 1105/943/190 1104/949/190 
f 1110/950/191 1111/951/191 1112/952/191 1113/953/191 
f 1112/952/191 1114/954/191 1115/955/191 1113/953/191 
f 1116/955/192 1117/954/192 1118/952/192 1119/953/192 
f 1118/952/192 1120/951/192 1121/950/192 1119/953/192 
f 1113/772/1 1115/956/1 1116/957/1 1119/775/1 
f 1115/958/188 1114/959/188 1117/960/188 1116/961/188 
f 1114/956/189 1112/790/189 1118/791/189 1117/957/189 
f 1112/959/188 1111/962/188 1120/963/188 1118/960/188 
f 1111/790/189 1110/772/189 1121/775/189 1120/791/189 
f 1110/962/190 1113/958/190 1119/961/190 1121/963/190 
f 1122/964/191 1123/965/191 1124/966/191 1125/967/191 
f 1126/968/191 1127/969/191 1128/970/191 1129/971/191 
f 1130/972/191 1131/973/191 1132/974/191 1133/975/191 
f 1128/970/191 1130/972/191 1133/975/191 1129/971/191 
f 1124/966/191 1129/971/191 1133/975/191 1125/967/191 
f 1134/970/192 1135/969/192 1136/968/192 1137/971/192 
f 1138/966/192 1139/965/192 1140/964/192 1141/967/192 
f 1138/966/192 1141/967/192 1142/975/192 1137/971/192 
f 1134/970/192 1137/971/192 1142/975/192 1143/972/192 
f 1142/975/192 1144/974/192 1145/973/192 1143/972/192 
f 1125/772/1 1133/773/1 1142/774/1 1141/775/1 
f 1133/976/188 1132/977/188 1144/978/188 1142/979/188 
f 1132/773/189 1131/780/189 1145/781/189 1144/774/189 
f 1131/977/190 1130/980/190 1143/981/190 1145/978/190 
f 1130/780/189 1128/784/189 1134/785/189 1143/781/189 
f 1128/980/188 1127/982/188 1135/983/188 1134/981/188 
f 1127/784/189 1126/788/189 1136/789/189 1135/785/189 
f 1126/982/190 1129/980/190 1137/981/190 1136/983/190 
f 1129/788/189 1124/790/189 1138/791/189 1137/789/189 
f 1124/980/188 1123/984/188 1139/985/188 1138/981/188 
f 1123/790/189 1122/772/189 1140/775/189 1139/791/189 
f 1122/984/190 1125/976/190 1141/979/190 1140/985/190 
f 1146/986/191 1147/987/191 1148/988/191 1149/989/191 
f 1146/986/191 1149/989/191 1150/990/191 
f 1151/991/191 1152/992/191 1153/993/191 1146/986/191 
f 1154/991/192 1155/990/192 1156/989/192 1157/988/192 
f 1154/991/192 1157/988/192 1158/987/192 
f 1159/986/192 1160/993/192 1161/992/192 1154/991/192 
f 1152/772/1 1151/780/1 1154/781/1 1161/775/1 
f 1151/994/190 1150/995/190 1155/996/190 1154/997/190 
f 1150/780/1 1149/773/1 1156/774/1 1155/781/1 
f 1149/995/188 1148/998/188 1157/999/188 1156/996/188 
f 1148/773/189 1147/780/189 1158/781/189 1157/774/189 
f 1147/998/190 1146/1000/190 1159/1001/190 1158/999/190 
f 1146/780/189 1153/772/189 1160/775/189 1159/781/189 
f 1153/1000/190 1152/994/190 1161/997/190 1160/1001/190 
f 1162/1002/191 1163/1003/191 1164/1004/191 1165/1005/191 
s 1
f 1166/1006/472 1167/1007/1 1168/757/473 1169/1008/474 
f 1168/757/473 1170/1009/251 1169/1008/474 
f 1171/1006/475 1166/1006/472 1169/1008/474 1172/1010/476 
f 1173/1011/477 1171/1006/475 1172/1010/476 1174/1009/478 
f 1173/1011/477 1174/1009/478 1175/752/479 
f 1170/1009/251 1168/757/473 1176/759/480 1169/1008/474 
f 1168/757/321 1167/1007/1 1166/1006/321 
f 1166/1006/321 1176/759/480 1168/757/321 
f 1169/1008/474 1176/759/480 1177/758/481 1172/1010/476 
f 1176/759/480 1166/1006/472 1171/1006/475 1177/758/481 
f 1172/1010/476 1177/758/481 1175/752/479 1174/1009/478 
f 1177/758/481 1171/1006/475 1173/1011/477 1175/752/479 
s off
f 1178/1012/192 1179/1013/192 1180/1014/192 1181/1015/192 
f 1182/1016/192 1183/1017/192 1184/1018/192 1185/1019/192 
f 1186/1020/192 1187/1021/192 1188/1022/192 1189/1023/192 
f 1184/1018/192 1186/1020/192 1189/1023/192 1185/1019/192 
f 1180/1014/192 1185/1019/192 1189/1023/192 1181/1015/192 
f 1190/1018/191 1191/1017/191 1192/1016/191 1193/1019/191 
f 1194/1014/191 1195/1013/191 1196/1012/191 1197/1015/191 
f 1194/1014/191 1197/1015/191 1198/1023/191 1193/1019/191 
f 1190/1018/191 1193/1019/191 1198/1023/191 1199/1020/191 
f 1198/1023/191 1200/1022/191 1201/1021/191 1199/1020/191 
f 1181/1024/189 1189/1025/189 1198/1026/189 1197/1027/189 
f 1189/1028/188 1188/1029/188 1200/1030/188 1198/1031/188 
f 1188/1025/1 1187/1032/1 1201/1033/1 1200/1026/1 
f 1187/1029/190 1186/1034/190 1199/1035/190 1201/1030/190 
f 1186/1032/1 1184/1036/1 1190/1037/1 1199/1033/1 
f 1184/1034/188 1183/1038/188 1191/1039/188 1190/1035/188 
f 1183/1036/1 1182/1040/1 1192/1041/1 1191/1037/1 
f 1182/1038/190 1185/1034/190 1193/1035/190 1192/1039/190 
f 1185/1040/1 1180/1042/1 1194/1043/1 1193/1041/1 
f 1180/1034/188 1179/1044/188 1195/1045/188 1194/1035/188 
f 1179/1042/1 1178/1024/1 1196/1027/1 1195/1043/1 
f 1178/1044/190 1181/1028/190 1197/1031/190 1196/1045/190 
f 1202/1046/192 1203/1047/192 1204/1048/192 1205/1049/192 
f 1206/1050/192 1205/1049/192 1204/1048/192 1207/1051/192 
f 1207/1051/192 1204/1048/192 1208/1052/192 1209/1053/192 
f 1207/1051/192 1209/1053/192 1210/1054/192 1211/1055/192 
f 1212/1051/191 1213/1055/191 1214/1054/191 1215/1053/191 
f 1212/1051/191 1215/1053/191 1216/1052/191 1217/1048/191 
f 1217/1048/191 1218/1047/191 1219/1046/191 1220/1049/191 
f 1217/1048/191 1220/1049/191 1221/1050/191 1212/1051/191 
f 1210/1024/189 1209/1025/189 1215/1026/189 1214/1027/189 
f 1209/1056/188 1208/1057/188 1216/1058/188 1215/1059/188 
f 1208/1025/482 1204/1060/482 1217/1061/482 1216/1026/482 
f 1204/1060/189 1203/1025/189 1218/1026/189 1217/1061/189 
f 1203/1062/188 1202/1063/188 1219/1064/188 1218/1065/188 
f 1202/1025/1 1205/1024/1 1220/1027/1 1219/1026/1 
f 1205/1063/190 1206/1066/190 1221/1067/190 1220/1064/190 
f 1206/1024/483 1207/1068/483 1212/1069/483 1221/1027/483 
f 1207/1068/1 1211/1024/1 1213/1027/1 1212/1069/1 
f 1211/1070/190 1210/1056/190 1214/1059/190 1213/1071/190 
f 1222/1072/192 1223/1073/192 1224/1074/192 1225/1075/192 
f 1226/1076/192 1227/1077/192 1228/1078/192 1229/1079/192 
f 1226/1076/192 1229/1079/192 1230/1080/192 1231/1081/192 
f 1232/1082/192 1226/1076/192 1231/1081/192 1233/1083/192 
f 1234/1084/192 1232/1082/192 1233/1083/192 1235/1085/192 
f 1236/1086/192 1234/1084/192 1235/1085/192 1237/1087/192 
f 1238/1088/192 1236/1086/192 1237/1087/192 1239/1089/192 
f 1240/1090/192 1238/1088/192 1239/1089/192 1241/1091/192 
f 1242/1092/192 1240/1090/192 1241/1091/192 1243/1093/192 
f 1244/1094/192 1245/1095/192 1246/1096/192 1247/1097/192 
f 1247/1097/192 1246/1096/192 1248/1098/192 1227/1077/192 
f 1227/1077/192 1248/1098/192 1228/1078/192 
f 1229/1079/192 1228/1078/192 1249/1099/192 1250/1100/192 
f 1251/1101/192 1250/1100/192 1249/1099/192 1252/1102/192 
f 1253/1103/192 1251/1101/192 1252/1102/192 1254/1104/192 
f 1255/1105/192 1253/1103/192 1254/1104/192 1256/1106/192 
f 1257/1107/192 1255/1105/192 1256/1106/192 1258/1108/192 
f 1259/1109/192 1257/1107/192 1258/1108/192 1260/1110/192 
f 1260/1110/192 1258/1108/192 1261/1111/192 1243/1093/192 
f 1242/1092/192 1243/1093/192 1261/1111/192 1262/1112/192 
f 1263/1113/192 1242/1092/192 1262/1112/192 1225/1075/192 
f 1222/1072/192 1225/1075/192 1262/1112/192 
f 1264/1074/191 1265/1073/191 1266/1072/191 1267/1075/191 
f 1268/1096/191 1269/1095/191 1270/1094/191 1271/1097/191 
f 1272/1098/191 1268/1096/191 1271/1097/191 1273/1077/191 
f 1274/1078/191 1272/1098/191 1273/1077/191 1275/1079/191 
f 1276/1099/191 1274/1078/191 1275/1079/191 1277/1100/191 
f 1276/1099/191 1277/1100/191 1278/1101/191 1279/1102/191 
f 1279/1102/191 1278/1101/191 1280/1103/191 1281/1104/191 
f 1281/1104/191 1280/1103/191 1282/1105/191 1283/1106/191 
f 1283/1106/191 1282/1105/191 1284/1107/191 1285/1108/191 
f 1285/1108/191 1284/1107/191 1286/1109/191 1287/1110/191 
f 1288/1111/191 1285/1108/191 1287/1110/191 1289/1093/191 
f 1275/1079/191 1273/1077/191 1290/1076/191 1291/1080/191 
f 1292/1081/191 1291/1080/191 1290/1076/191 1293/1082/191 
f 1294/1083/191 1292/1081/191 1293/1082/191 1295/1084/191 
f 1296/1085/191 1294/1083/191 1295/1084/191 1297/1086/191 
f 1298/1087/191 1296/1085/191 1297/1086/191 1299/1088/191 
f 1300/1089/191 1298/1087/191 1299/1088/191 1301/1090/191 
f 1302/1091/191 1300/1089/191 1301/1090/191 1303/1092/191 
f 1289/1093/191 1302/1091/191 1303/1092/191 1288/1111/191 
f 1304/1112/191 1288/1111/191 1303/1092/191 1305/1113/191 
f 1304/1112/191 1305/1113/191 1267/1075/191 1266/1072/191 
s 1
f 1235/1085/484 1233/1083/485 1294/1083/485 1296/1085/484 
f 1233/1083/485 1231/1081/486 1292/1081/486 1294/1083/485 
f 1231/1081/486 1230/1080/487 1291/1080/487 1292/1081/486 
f 1230/1080/487 1229/1079/488 1275/1079/488 1291/1080/487 
f 1229/1079/488 1250/1100/489 1277/1100/489 1275/1079/488 
f 1250/1100/489 1251/1101/490 1278/1101/490 1277/1100/489 
f 1251/1101/490 1253/1103/491 1280/1103/491 1278/1101/490 
f 1253/1103/491 1255/1105/492 1282/1105/492 1280/1103/491 
f 1255/1105/492 1257/1107/493 1284/1107/493 1282/1105/492 
f 1257/1107/493 1259/1109/494 1286/1109/494 1284/1107/493 
f 1259/1109/494 1260/1110/495 1287/1110/495 1286/1109/494 
f 1260/1110/495 1243/1093/496 1289/1093/496 1287/1110/495 
f 1243/1093/496 1241/1091/497 1302/1091/497 1289/1093/496 
f 1241/1091/497 1239/1089/498 1300/1089/498 1302/1091/497 
f 1239/1089/498 1237/1087/499 1298/1087/499 1300/1089/498 
f 1237/1087/499 1235/1085/484 1296/1085/484 1298/1087/499 
f 1234/1084/500 1236/1086/501 1297/1086/501 1295/1084/500 
f 1236/1086/501 1238/1088/502 1299/1088/502 1297/1086/501 
f 1238/1088/502 1240/1090/503 1301/1090/503 1299/1088/502 
f 1240/1090/503 1242/1092/504 1303/1092/504 1301/1090/503 
f 1242/1092/504 1263/1113/505 1305/1113/505 1303/1092/504 
f 1263/1113/505 1225/1075/506 1267/1075/506 1305/1113/505 
f 1225/1075/506 1224/1074/507 1264/1074/507 1267/1075/506 
f 1224/1074/507 1223/1073/508 1265/1073/508 1264/1074/507 
f 1223/1073/508 1222/1072/509 1266/1072/509 1265/1073/508 
f 1222/1072/509 1262/1112/510 1304/1112/510 1266/1072/509 
f 1262/1112/510 1261/1111/511 1288/1111/511 1304/1112/510 
f 1261/1111/511 1258/1108/512 1285/1108/512 1288/1111/511 
f 1258/1108/512 1256/1106/513 1283/1106/513 1285/1108/512 
f 1256/1106/513 1254/1104/514 1281/1104/514 1283/1106/513 
f 1254/1104/514 1252/1102/515 1279/1102/515 1281/1104/514 
f 1252/1102/515 1249/1099/516 1276/1099/516 1279/1102/515 
f 1249/1099/516 1228/1078/517 1274/1078/517 1276/1099/516 
f 1228/1078/517 1248/1098/518 1272/1098/518 1274/1078/517 
f 1248/1098/518 1246/1096/519 1268/1096/519 1272/1098/518 
f 1246/1096/519 1245/1095/496 1269/1095/496 1268/1096/519 
f 1245/1095/496 1244/1094/520 1270/1094/520 1269/1095/496 
f 1244/1094/520 1247/1097/521 1271/1097/521 1270/1094/520 
f 1247/1097/521 1227/1077/522 1273/1077/522 1271/1097/521 
f 1227/1077/522 1226/1076/523 1290/1076/523 1273/1077/522 
f 1226/1076/523 1232/1082/524 1293/1082/524 1290/1076/523 
f 1232/1082/524 1234/1084/500 1295/1084/500 1293/1082/524 
s off
f 1306/1114/192 1307/1115/192 1308/1116/192 1309/1117/192 
f 1309/1117/192 1310/1118/192 1311/1119/192 1306/1114/192 
f 1312/1120/192 1306/1114/192 1311/1119/192 1313/1121/192 
f 1313/1121/192 1314/1122/192 1315/1123/192 1312/1120/192 
f 1312/1120/192 1315/1123/192 1316/1124/192 1317/1125/192 
f 1318/1120/191 1319/1125/191 1320/1124/191 1321/1123/191 
f 1321/1123/191 1322/1122/191 1323/1121/191 1318/1120/191 
f 1324/1114/191 1318/1120/191 1323/1121/191 1325/1119/191 
f 1325/1119/191 1326/1118/191 1327/1117/191 1324/1114/191 
f 1324/1114/191 1327/1117/191 1328/1116/191 1329/1115/191 
f 1316/1024/189 1315/1025/189 1321/1026/189 1320/1027/189 
f 1315/1126/188 1314/1127/188 1322/1128/188 1321/1129/188 
f 1314/1025/1 1313/1130/1 1323/1131/1 1322/1026/1 
f 1313/1127/188 1311/1132/188 1325/1133/188 1323/1128/188 
f 1311/1130/189 1310/1025/189 1326/1026/189 1325/1131/189 
f 1310/1132/188 1309/1134/188 1327/1135/188 1326/1133/188 
f 1309/1025/1 1308/1024/1 1328/1027/1 1327/1026/1 
f 1308/1134/190 1307/1132/190 1329/1133/190 1328/1135/190 
f 1307/1024/189 1306/1136/189 1324/1137/189 1329/1027/189 
f 1306/1132/190 1312/1127/190 1318/1128/190 1324/1133/190 
f 1312/1136/1 1317/1024/1 1319/1027/1 1318/1137/1 
f 1317/1127/190 1316/1126/190 1320/1129/190 1319/1128/190 
f 1330/1138/192 1331/1139/192 1332/1140/192 1333/1141/192 
f 1333/1141/192 1332/1140/192 1334/1142/192 1335/1143/192 
f 1333/1141/192 1335/1143/192 1336/1144/192 1337/1145/192 
f 1338/1146/192 1337/1145/192 1336/1144/192 1339/1147/192 
f 1340/1148/192 1338/1146/192 1339/1147/192 1341/1149/192 
f 1341/1149/192 1339/1147/192 1342/1150/192 1343/1151/192 
f 1344/1152/192 1343/1151/192 1342/1150/192 1345/1153/192 
f 1346/1154/192 1344/1152/192 1345/1153/192 1347/1155/192 
f 1348/1156/192 1346/1154/192 1347/1155/192 1349/1157/192 
f 1350/1158/192 1349/1157/192 1347/1155/192 1351/1159/192 
f 1352/1160/192 1353/1161/192 1351/1159/192 1354/1162/192 
f 1355/1163/192 1354/1162/192 1351/1159/192 1347/1155/192 
f 1333/1141/192 1350/1158/192 1351/1159/192 1330/1138/192 
f 1330/1138/192 1351/1159/192 1356/1164/192 1357/1165/192 
f 1358/1140/191 1359/1139/191 1360/1138/191 1361/1141/191 
f 1360/1138/191 1362/1165/191 1363/1164/191 1364/1159/191 
f 1361/1141/191 1360/1138/191 1364/1159/191 1365/1158/191 
f 1364/1159/191 1366/1161/191 1367/1160/191 1368/1162/191 
f 1364/1159/191 1368/1162/191 1369/1163/191 1370/1155/191 
f 1365/1158/191 1364/1159/191 1370/1155/191 1371/1157/191 
f 1372/1156/191 1371/1157/191 1370/1155/191 1373/1154/191 
f 1373/1154/191 1370/1155/191 1374/1153/191 1375/1152/191 
f 1375/1152/191 1374/1153/191 1376/1150/191 1377/1151/191 
f 1378/1149/191 1377/1151/191 1376/1150/191 1379/1147/191 
f 1380/1148/191 1378/1149/191 1379/1147/191 1381/1146/191 
f 1381/1146/191 1379/1147/191 1382/1144/191 1383/1145/191 
f 1361/1141/191 1383/1145/191 1382/1144/191 1384/1143/191 
f 1361/1141/191 1384/1143/191 1385/1142/191 1358/1140/191 
f 1350/1032/1 1333/1166/1 1361/1167/1 1365/1033/1 
s 1
f 1333/1141/188 1337/1145/525 1383/1145/525 1361/1141/188 
f 1337/1145/525 1338/1146/526 1381/1146/526 1383/1145/525 
f 1338/1146/526 1340/1148/527 1380/1148/527 1381/1146/526 
f 1340/1148/527 1341/1149/528 1378/1149/528 1380/1148/527 
s off
f 1341/1168/529 1343/1169/529 1377/1170/529 1378/1171/529 
f 1343/1169/530 1344/1172/530 1375/1173/530 1377/1170/530 
s 1
f 1344/1152/531 1346/1154/532 1373/1154/532 1375/1152/531 
f 1346/1154/532 1348/1156/533 1372/1156/533 1373/1154/532 
f 1348/1156/533 1349/1157/534 1371/1157/534 1372/1156/533 
f 1349/1157/534 1350/1158/190 1365/1158/190 1371/1157/534 
s off
f 1356/1024/189 1351/1025/189 1364/1026/189 1363/1027/189 
s 1
f 1351/1159/188 1353/1161/535 1366/1161/535 1364/1159/188 
f 1353/1161/535 1352/1160/536 1367/1160/536 1366/1161/535 
f 1352/1160/536 1354/1162/537 1368/1162/537 1367/1160/536 
f 1354/1162/537 1355/1163/538 1369/1163/538 1368/1162/537 
f 1355/1163/538 1347/1155/539 1370/1155/539 1369/1163/538 
f 1347/1155/539 1345/1153/540 1374/1153/540 1370/1155/539 
f 1345/1153/540 1342/1150/541 1376/1150/541 1374/1153/540 
f 1342/1150/541 1339/1147/542 1379/1147/542 1376/1150/541 
f 1339/1147/542 1336/1144/543 1382/1144/543 1379/1147/542 
f 1336/1144/543 1335/1143/544 1384/1143/544 1382/1144/543 
f 1335/1143/544 1334/1142/545 1385/1142/545 1384/1143/544 
f 1334/1142/545 1332/1140/546 1358/1140/546 1385/1142/545 
f 1332/1140/546 1331/1139/547 1359/1139/547 1358/1140/546 
f 1331/1139/547 1330/1138/190 1360/1138/190 1359/1139/547 
s off
f 1330/1174/1 1357/1024/1 1362/1027/1 1360/1175/1 
f 1357/1176/190 1356/1177/190 1363/1178/190 1362/1179/190 
f 1386/1180/192 1387/1181/192 1388/1182/192 1389/1183/192 
f 1390/1184/192 1391/1185/192 1392/1186/192 1393/1187/192 
f 1394/1188/192 1395/1189/192 1396/1190/192 1397/1191/192 
f 1392/1186/192 1394/1188/192 1397/1191/192 1393/1187/192 
f 1388/1182/192 1393/1187/192 1397/1191/192 1389/1183/192 
f 1398/1186/191 1399/1185/191 1400/1184/191 1401/1187/191 
f 1402/1182/191 1403/1181/191 1404/1180/191 1405/1183/191 
f 1402/1182/191 1405/1183/191 1406/1191/191 1401/1187/191 
f 1398/1186/191 1401/1187/191 1406/1191/191 1407/1188/191 
f 1406/1191/191 1408/1190/191 1409/1189/191 1407/1188/191 
f 1389/1024/189 1397/1025/189 1406/1026/189 1405/1027/189 
f 1397/1192/188 1396/1193/188 1408/1194/188 1406/1195/188 
f 1396/1025/1 1395/1032/1 1409/1033/1 1408/1026/1 
f 1395/1193/190 1394/1196/190 1407/1197/190 1409/1194/190 
f 1394/1032/1 1392/1036/1 1398/1037/1 1407/1033/1 
f 1392/1196/188 1391/1198/188 1399/1199/188 1398/1197/188 
f 1391/1036/1 1390/1040/1 1400/1041/1 1399/1037/1 
f 1390/1198/190 1393/1196/190 1401/1197/190 1400/1199/190 
f 1393/1040/1 1388/1042/1 1402/1043/1 1401/1041/1 
f 1388/1196/188 1387/1200/188 1403/1201/188 1402/1197/188 
f 1387/1042/1 1386/1024/1 1404/1027/1 1403/1043/1 
f 1386/1200/190 1389/1192/190 1405/1195/190 1404/1201/190 
f 1410/1202/192 1411/1203/192 1412/1204/192 1413/1205/192 
f 1412/1204/192 1414/1206/192 1415/1207/192 1413/1205/192 
f 1416/1207/191 1417/1206/191 1418/1204/191 1419/1205/191 
f 1418/1204/191 1420/1203/191 1421/1202/191 1419/1205/191 
f 1413/1024/189 1415/1208/189 1416/1209/189 1419/1027/189 
f 1415/1210/188 1414/1211/188 1417/1212/188 1416/1213/188 
f 1414/1208/1 1412/1042/1 1418/1043/1 1417/1209/1 
f 1412/1211/188 1411/1214/188 1420/1215/188 1418/1212/188 
f 1411/1042/1 1410/1024/1 1421/1027/1 1420/1043/1 
f 1410/1214/190 1413/1210/190 1419/1213/190 1421/1215/190 
f 1422/1216/192 1423/1217/192 1424/1218/192 1425/1219/192 
f 1426/1220/192 1427/1221/192 1428/1222/192 1429/1223/192 
f 1430/1224/192 1431/1225/192 1432/1226/192 1433/1227/192 
f 1428/1222/192 1430/1224/192 1433/1227/192 1429/1223/192 
f 1424/1218/192 1429/1223/192 1433/1227/192 1425/1219/192 
f 1434/1222/191 1435/1221/191 1436/1220/191 1437/1223/191 
f 1438/1218/191 1439/1217/191 1440/1216/191 1441/1219/191 
f 1438/1218/191 1441/1219/191 1442/1227/191 1437/1223/191 
f 1434/1222/191 1437/1223/191 1442/1227/191 1443/1224/191 
f 1442/1227/191 1444/1226/191 1445/1225/191 1443/1224/191 
f 1425/1024/189 1433/1025/189 1442/1026/189 1441/1027/189 
f 1433/1228/188 1432/1229/188 1444/1230/188 1442/1231/188 
f 1432/1025/1 1431/1032/1 1445/1033/1 1444/1026/1 
f 1431/1229/190 1430/1232/190 1443/1233/190 1445/1230/190 
f 1430/1032/1 1428/1036/1 1434/1037/1 1443/1033/1 
f 1428/1232/188 1427/1234/188 1435/1235/188 1434/1233/188 
f 1427/1036/1 1426/1040/1 1436/1041/1 1435/1037/1 
f 1426/1234/190 1429/1232/190 1437/1233/190 1436/1235/190 
f 1429/1040/1 1424/1042/1 1438/1043/1 1437/1041/1 
f 1424/1232/188 1423/1236/188 1439/1237/188 1438/1233/188 
f 1423/1042/1 1422/1024/1 1440/1027/1 1439/1043/1 
f 1422/1236/190 1425/1228/190 1441/1231/190 1440/1237/190 
f 1446/1238/192 1447/1239/192 1448/1240/192 1449/1241/192 
f 1446/1238/192 1449/1241/192 1450/1242/192 
f 1451/1243/192 1452/1244/192 1453/1245/192 1446/1238/192 
f 1454/1243/191 1455/1242/191 1456/1241/191 1457/1240/191 
f 1454/1243/191 1457/1240/191 1458/1239/191 
f 1459/1238/191 1460/1245/191 1461/1244/191 1454/1243/191 
f 1452/1024/189 1451/1032/189 1454/1033/189 1461/1027/189 
f 1451/1246/190 1450/1247/190 1455/1248/190 1454/1249/190 
f 1450/1032/189 1449/1025/189 1456/1026/189 1455/1033/189 
f 1449/1247/188 1448/1250/188 1457/1251/188 1456/1248/188 
f 1448/1025/1 1447/1032/1 1458/1033/1 1457/1026/1 
f 1447/1250/190 1446/1252/190 1459/1253/190 1458/1251/190 
f 1446/1032/1 1453/1024/1 1460/1027/1 1459/1033/1 
f 1453/1252/190 1452/1246/190 1461/1249/190 1460/1253/190 
f 1462/1254/192 1463/1255/192 1464/1256/192 1465/1257/192 
f 1466/1258/189 1467/1259/189 1468/1260/189 1469/1261/189 
f 1467/1262/191 1470/1263/191 1471/1264/191 1468/1265/191 
f 1470/1259/1 1472/1258/1 1473/1261/1 1471/1260/1 
f 1472/1263/192 1466/1262/192 1469/1265/192 1473/1264/192 
f 1470/1266/188 1467/1267/188 1466/1268/188 1472/1269/188 
f 1468/1267/190 1471/1266/190 1473/1269/190 1469/1268/190 
f 1474/1270/191 1475/1270/191 1476/1271/191 1477/1271/191 
s 1
f 1478/1272/548 1474/1270/188 1477/1271/188 1479/1273/548 
f 1475/1270/190 1480/1274/549 1481/1275/549 1476/1271/190 
f 1480/1274/549 1478/1272/548 1479/1273/548 1481/1275/549 
s off
f 1475/1276/1 1474/1277/1 1478/1278/1 1480/1279/1 
f 1476/1276/189 1481/1280/189 1479/1278/189 1477/1277/189 
f 1482/1270/191 1483/1270/191 1484/1271/191 1485/1271/191 
s 1
f 1486/1272/548 1482/1270/188 1485/1271/188 1487/1273/548 
f 1483/1270/190 1488/1274/549 1489/1275/549 1484/1271/190 
f 1488/1274/549 1486/1272/548 1487/1273/548 1489/1275/549 
s off
f 1483/1276/1 1482/1277/1 1486/1278/1 1488/1279/1 
f 1484/1276/189 1489/1280/189 1487/1278/189 1485/1277/189 
f 1490/1270/191 1491/1270/191 1492/1271/191 1493/1271/191 
s 1
f 1494/1272/548 1490/1270/188 1493/1271/188 1495/1273/548 
f 1491/1270/190 1496/1274/549 1497/1275/549 1492/1271/190 
f 1496/1274/549 1494/1272/548 1495/1273/548 1497/1275/549 
s off
f 1491/1276/1 1490/1277/1 1494/1278/1 1496/1279/1 
f 1492/1276/189 1497/1280/189 1495/1278/189 1493/1277/189 
f 1498/1270/191 1499/1270/191 1500/1271/191 1501/1271/191 
s 1
f 1502/1272/548 1498/1270/188 1501/1271/188 1503/1273/548 
f 1499/1270/190 1504/1274/549 1505/1275/549 1500/1271/190 
f 1504/1274/549 1502/1272/548 1503/1273/548 1505/1275/549 
s off
f 1499/1276/1 1498/1277/1 1502/1278/1 1504/1279/1 
f 1500/1276/189 1505/1280/189 1503/1278/189 1501/1277/189 
f 1506/1270/191 1507/1270/191 1508/1271/191 1509/1271/191 
s 1
f 1510/1272/548 1506/1270/188 1509/1271/188 1511/1273/548 
f 1507/1270/190 1512/1281/549 1513/1275/549 1508/1271/190 
f 1512/1281/549 1510/1272/548 1511/1273/548 1513/1275/549 
s off
f 1507/1276/1 1506/1277/1 1510/1278/1 1512/1280/1 
f 1508/1276/189 1513/1280/189 1511/1278/189 1509/1277/189 
f 1514/1270/191 1515/1270/191 1516/1271/191 1517/1271/191 
s 1
f 1518/1272/548 1514/1270/188 1517/1271/188 1519/1273/548 
f 1515/1270/190 1520/1281/549 1521/1275/549 1516/1271/190 
f 1520/1281/549 1518/1272/548 1519/1273/548 1521/1275/549 
s off
f 1515/1276/1 1514/1277/1 1518/1278/1 1520/1280/1 
f 1516/1276/189 1521/1280/189 1519/1278/189 1517/1277/189 
f 1522/1270/191 1523/1270/191 1524/1282/191 1525/1271/191 
s 1
f 1526/1272/548 1522/1270/188 1525/1271/188 1527/1273/548 
f 1523/1270/190 1528/1281/549 1529/1283/549 1524/1282/190 
f 1528/1281/549 1526/1272/548 1527/1273/548 1529/1283/549 
s off
f 1523/1276/1 1522/1277/1 1526/1278/1 1528/1280/1 
f 1524/1276/189 1529/1280/189 1527/1278/189 1525/1277/189 
f 1530/1284/191 1531/1284/191 1532/1271/191 1533/1271/191 
s 1
f 1534/1285/251 1530/1284/189 1533/1271/189 1535/1273/251 
f 1531/1284/1 1536/1286/321 1537/1275/321 1532/1271/1 
f 1536/1286/321 1534/1285/251 1535/1273/251 1537/1275/321 
s off
f 1531/1276/188 1530/1277/188 1534/1278/188 1536/1280/188 
f 1532/1276/190 1537/1280/190 1535/1278/190 1533/1277/190 
f 1538/1284/191 1539/1284/191 1540/1271/191 1541/1271/191 
s 1
f 1542/1285/251 1538/1284/189 1541/1271/189 1543/1273/251 
f 1539/1284/1 1544/1286/321 1545/1275/321 1540/1271/1 
f 1544/1286/321 1542/1285/251 1543/1273/251 1545/1275/321 
s off
f 1539/1276/188 1538/1277/188 1542/1278/188 1544/1280/188 
f 1540/1276/190 1545/1280/190 1543/1278/190 1541/1277/190 
f 1546/1287/190 1547/1288/190 1548/1289/190 
f 1549/1290/190 1550/1291/190 1551/1292/190 
s 1
f 1548/1289/550 1547/1288/189 1552/1293/250 1553/1294/551 
f 1547/1288/189 1546/1287/552 1554/1287/553 1552/1293/250 
f 1553/1294/551 1552/1293/250 1555/1295/252 1556/1294/246 
f 1552/1293/250 1554/1287/553 1557/1290/245 1555/1295/252 
f 1550/1291/552 1549/1290/550 1557/1290/245 1556/1294/246 
f 1546/1287/552 1548/1289/550 1553/1294/551 1554/1287/553 
f 1554/1287/553 1553/1294/551 1556/1294/246 1557/1290/245 
f 1556/1294/246 1555/1295/252 1551/1292/554 1550/1291/552 
f 1555/1295/252 1557/1290/245 1549/1290/550 1551/1292/554 
f 1558/1296/555 1559/1296/1 1560/1297/556 1561/1298/557 
f 1560/1297/556 1562/1298/244 1561/1298/557 
f 1563/1299/245 1558/1296/555 1561/1298/557 1564/1300/558 
f 1565/1299/247 1563/1299/245 1564/1300/558 1566/1301/559 
f 1565/1299/247 1566/1301/559 1567/1302/560 
f 1562/1298/244 1560/1297/556 1568/1303/250 1561/1298/557 
f 1560/1297/251 1559/1296/1 1558/1296/251 
f 1558/1296/251 1568/1303/250 1560/1297/251 
f 1561/1298/557 1568/1303/250 1569/1304/252 1564/1300/558 
f 1568/1303/250 1558/1296/555 1563/1299/245 1569/1304/252 
f 1564/1300/558 1569/1304/252 1567/1302/560 1566/1301/559 
f 1569/1304/252 1563/1299/245 1565/1299/247 1567/1302/560 
s off
f 1570/1305/189 1571/1306/189 1572/1307/189 1573/1308/189 
f 1574/1270/192 1575/1270/192 1576/1271/192 1577/1271/192 
s 1
f 1578/1272/561 1574/1270/188 1577/1271/188 1579/1273/561 
f 1575/1270/190 1580/1274/562 1581/1275/562 1576/1271/190 
f 1580/1274/562 1578/1272/561 1579/1273/561 1581/1275/562 
s off
f 1575/1276/189 1574/1277/189 1578/1278/189 1580/1279/189 
f 1576/1276/1 1581/1280/1 1579/1278/1 1577/1277/1 
f 1582/1270/192 1583/1270/192 1584/1271/192 1585/1271/192 
s 1
f 1586/1272/561 1582/1270/188 1585/1271/188 1587/1273/561 
f 1583/1270/190 1588/1274/562 1589/1275/562 1584/1271/190 
f 1588/1274/562 1586/1272/561 1587/1273/561 1589/1275/562 
s off
f 1583/1276/189 1582/1277/189 1586/1278/189 1588/1279/189 
f 1584/1276/1 1589/1280/1 1587/1278/1 1585/1277/1 
f 1590/1270/192 1591/1270/192 1592/1271/192 1593/1271/192 
s 1
f 1594/1272/561 1590/1270/188 1593/1271/188 1595/1273/561 
f 1591/1270/190 1596/1274/562 1597/1275/562 1592/1271/190 
f 1596/1274/562 1594/1272/561 1595/1273/561 1597/1275/562 
s off
f 1591/1276/189 1590/1277/189 1594/1278/189 1596/1279/189 
f 1592/1276/1 1597/1280/1 1595/1278/1 1593/1277/1 
f 1598/1270/192 1599/1270/192 1600/1271/192 1601/1271/192 
s 1
f 1602/1272/561 1598/1270/188 1601/1271/188 1603/1273/561 
f 1599/1270/190 1604/1274/562 1605/1275/562 1600/1271/190 
f 1604/1274/562 1602/1272/561 1603/1273/561 1605/1275/562 
s off
f 1599/1276/189 1598/1277/189 1602/1278/189 1604/1279/189 
f 1600/1276/1 1605/1280/1 1603/1278/1 1601/1277/1 
f 1606/1270/192 1607/1270/192 1608/1271/192 1609/1271/192 
s 1
f 1610/1272/561 1606/1270/188 1609/1271/188 1611/1273/561 
f 1607/1270/190 1612/1281/562 1613/1275/562 1608/1271/190 
f 1612/1281/562 1610/1272/561 1611/1273/561 1613/1275/562 
s off
f 1607/1276/189 1606/1277/189 1610/1278/189 1612/1280/189 
f 1608/1276/1 1613/1280/1 1611/1278/1 1609/1277/1 
f 1614/1270/192 1615/1270/192 1616/1271/192 1617/1271/192 
s 1
f 1618/1272/561 1614/1270/188 1617/1271/188 1619/1273/561 
f 1615/1270/190 1620/1281/562 1621/1275/562 1616/1271/190 
f 1620/1281/562 1618/1272/561 1619/1273/561 1621/1275/562 
s off
f 1615/1276/189 1614/1277/189 1618/1278/189 1620/1280/189 
f 1616/1276/1 1621/1280/1 1619/1278/1 1617/1277/1 
f 1622/1270/192 1623/1270/192 1624/1282/192 1625/1271/192 
s 1
f 1626/1272/561 1622/1270/188 1625/1271/188 1627/1273/561 
f 1623/1270/190 1628/1281/562 1629/1283/562 1624/1282/190 
f 1628/1281/562 1626/1272/561 1627/1273/561 1629/1283/562 
s off
f 1623/1276/189 1622/1277/189 1626/1278/189 1628/1280/189 
f 1624/1276/1 1629/1280/1 1627/1278/1 1625/1277/1 
f 1630/1284/192 1631/1284/192 1632/1271/192 1633/1271/192 
s 1
f 1634/1285/328 1630/1284/1 1633/1271/1 1635/1273/328 
f 1631/1284/189 1636/1286/405 1637/1275/405 1632/1271/189 
f 1636/1286/405 1634/1285/328 1635/1273/328 1637/1275/405 
s off
f 1631/1276/188 1630/1277/188 1634/1278/188 1636/1280/188 
f 1632/1276/190 1637/1280/190 1635/1278/190 1633/1277/190 
f 1638/1284/192 1639/1284/192 1640/1271/192 1641/1271/192 
s 1
f 1642/1285/328 1638/1284/1 1641/1271/1 1643/1273/328 
f 1639/1284/189 1644/1286/405 1645/1275/405 1640/1271/189 
f 1644/1286/405 1642/1285/328 1643/1273/328 1645/1275/405 
s off
f 1639/1276/188 1638/1277/188 1642/1278/188 1644/1280/188 
f 1640/1276/190 1645/1280/190 1643/1278/190 1641/1277/190 
f 1646/1309/190 1647/1310/190 1648/1311/190 
f 1649/1312/190 1650/1313/190 1651/1314/190 
s 1
f 1648/1311/563 1647/1310/564 1652/1295/327 1653/1311/565 
f 1647/1310/564 1646/1309/566 1654/1315/567 1652/1295/327 
f 1653/1311/565 1652/1295/327 1655/1293/329 1656/1313/323 
f 1652/1295/327 1654/1315/567 1657/1315/322 1655/1293/329 
f 1650/1313/566 1649/1312/563 1657/1315/322 1656/1313/323 
f 1646/1309/566 1648/1311/563 1653/1311/565 1654/1315/567 
f 1654/1315/567 1653/1311/565 1656/1313/323 1657/1315/322 
f 1656/1313/323 1655/1293/329 1651/1314/1 1650/1313/566 
f 1655/1293/329 1657/1315/322 1649/1312/563 1651/1314/1 
f 1658/1316/568 1659/1317/1 1660/1302/569 1661/1318/570 
f 1660/1302/569 1662/1319/1 1661/1318/570 
f 1663/1316/322 1658/1316/568 1661/1318/570 1664/1320/323 
f 1665/1321/324 1663/1316/322 1664/1320/323 1666/1319/325 
f 1665/1321/324 1666/1319/325 1667/1297/326 
f 1662/1319/1 1660/1302/569 1668/1304/327 1661/1318/570 
f 1660/1302/328 1659/1317/1 1658/1316/328 
f 1658/1316/328 1668/1304/327 1660/1302/328 
f 1661/1318/570 1668/1304/327 1669/1303/329 1664/1320/323 
f 1668/1304/327 1658/1316/568 1663/1316/322 1669/1303/329 
f 1664/1320/323 1669/1303/329 1667/1297/326 1666/1319/325 
f 1669/1303/329 1663/1316/322 1665/1321/324 1667/1297/326 
s off
f 1670/1304/1 1671/1303/1 1672/1297/1 1673/1302/1 
f 1674/1304/1 1675/1303/1 1676/1297/1 1677/1302/1 
f 1678/1270/1 1679/1270/1 1680/1282/1 1681/1271/1 
s 1
f 1682/1272/571 1678/1270/188 1681/1271/188 1683/1273/571 
f 1679/1270/190 1684/1274/572 1685/1322/572 1680/1282/190 
f 1684/1274/572 1682/1272/571 1683/1273/571 1685/1322/572 
s off
f 1679/1276/192 1678/1277/192 1682/1323/192 1684/1279/192 
f 1680/1276/191 1685/1279/191 1683/1323/191 1681/1277/191 
f 1686/1270/1 1687/1270/1 1688/1282/1 1689/1271/1 
s 1
f 1690/1272/571 1686/1270/188 1689/1271/188 1691/1273/571 
f 1687/1270/190 1692/1274/572 1693/1322/572 1688/1282/190 
f 1692/1274/572 1690/1272/571 1691/1273/571 1693/1322/572 
s off
f 1687/1276/192 1686/1277/192 1690/1323/192 1692/1279/192 
f 1688/1276/191 1693/1279/191 1691/1323/191 1689/1277/191 
f 1694/1270/1 1695/1270/1 1696/1282/1 1697/1271/1 
s 1
f 1698/1272/571 1694/1270/188 1697/1271/188 1699/1273/571 
f 1695/1270/190 1700/1274/572 1701/1322/572 1696/1282/190 
f 1700/1274/572 1698/1272/571 1699/1273/571 1701/1322/572 
s off
f 1695/1276/192 1694/1277/192 1698/1323/192 1700/1279/192 
f 1696/1276/191 1701/1279/191 1699/1323/191 1697/1277/191 
f 1702/1270/1 1703/1270/1 1704/1282/1 1705/1271/1 
s 1
f 1706/1272/571 1702/1270/188 1705/1271/188 1707/1273/571 
f 1703/1270/190 1708/1274/572 1709/1322/572 1704/1282/190 
f 1708/1274/572 1706/1272/571 1707/1273/571 1709/1322/572 
s off
f 1703/1276/192 1702/1277/192 1706/1323/192 1708/1279/192 
f 1704/1276/191 1709/1279/191 1707/1323/191 1705/1277/191 
f 1710/1270/1 1711/1270/1 1712/1282/1 1713/1271/1 
s 1
f 1714/1272/571 1710/1270/188 1713/1271/188 1715/1273/571 
f 1711/1270/190 1716/1281/572 1717/1275/572 1712/1282/190 
f 1716/1281/572 1714/1272/571 1715/1273/571 1717/1275/572 
s off
f 1711/1276/192 1710/1277/192 1714/1323/192 1716/1280/192 
f 1712/1276/191 1717/1280/191 1715/1323/191 1713/1277/191 
f 1718/1270/1 1719/1270/1 1720/1282/1 1721/1271/1 
s 1
f 1722/1272/571 1718/1270/188 1721/1271/188 1723/1273/571 
f 1719/1270/190 1724/1281/572 1725/1275/572 1720/1282/190 
f 1724/1281/572 1722/1272/571 1723/1273/571 1725/1275/572 
s off
f 1719/1276/192 1718/1277/192 1722/1323/192 1724/1280/192 
f 1720/1276/191 1725/1280/191 1723/1323/191 1721/1277/191 
f 1726/1270/1 1727/1270/1 1728/1282/1 1729/1271/1 
s 1
f 1730/1272/571 1726/1270/188 1729/1271/188 1731/1273/571 
f 1727/1270/190 1732/1281/572 1733/1275/572 1728/1282/190 
f 1732/1281/572 1730/1272/571 1731/1273/571 1733/1275/572 
s off
f 1727/1276/192 1726/1277/192 1730/1323/192 1732/1280/192 
f 1728/1276/191 1733/1280/191 1731/1323/191 1729/1277/191 
f 1734/1284/1 1735/1284/1 1736/1271/1 1737/1271/1 
s 1
f 1738/1285/405 1734/1284/191 1737/1271/191 1739/1273/405 
f 1735/1284/192 1740/1286/251 1741/1275/251 1736/1271/192 
f 1740/1286/251 1738/1285/405 1739/1273/405 1741/1275/251 
s off
f 1735/1276/188 1734/1277/188 1738/1323/188 1740/1280/188 
f 1736/1276/190 1741/1280/190 1739/1323/190 1737/1277/190 
f 1742/1284/1 1743/1284/1 1744/1271/1 1745/1271/1 
s 1
f 1746/1285/405 1742/1284/191 1745/1271/191 1747/1273/405 
f 1743/1284/192 1748/1286/251 1749/1275/251 1744/1271/192 
f 1748/1286/251 1746/1285/405 1747/1273/405 1749/1275/251 
s off
f 1743/1276/188 1742/1277/188 1746/1323/188 1748/1280/188 
f 1744/1276/190 1749/1280/190 1747/1323/190 1745/1277/190 
f 1750/1324/190 1751/1325/190 1752/1326/190 
f 1753/1327/190 1754/1328/190 1755/1329/190 
s 1
f 1752/1326/573 1751/1325/191 1756/1330/404 1757/1331/574 
f 1751/1325/191 1750/1324/575 1758/1324/576 1756/1330/404 
f 1757/1331/574 1756/1330/404 1759/1332/406 1760/1331/400 
f 1756/1330/404 1758/1324/576 1761/1333/399 1759/1332/406 
f 1754/1328/575 1753/1327/573 1761/1333/399 1760/1331/400 
f 1750/1324/575 1752/1326/573 1757/1331/574 1758/1324/576 
f 1758/1324/576 1757/1331/574 1760/1331/400 1761/1333/399 
f 1760/1331/400 1759/1332/406 1755/1329/577 1754/1328/575 
f 1759/1332/406 1761/1333/399 1753/1327/573 1755/1329/577 
f 1762/1334/578 1763/1334/1 1764/1335/579 1765/1336/580 
f 1764/1335/579 1766/1336/1 1765/1336/580 
f 1767/1337/399 1762/1334/578 1765/1336/580 1768/1338/400 
f 1769/1339/401 1767/1337/399 1768/1338/400 1770/1340/402 
f 1769/1339/401 1770/1340/402 1771/1341/403 
f 1766/1336/1 1764/1335/579 1772/1342/404 1765/1336/580 
f 1764/1335/405 1763/1334/1 1762/1334/405 
f 1762/1334/405 1772/1342/404 1764/1335/405 
f 1765/1336/580 1772/1342/404 1773/1343/406 1768/1338/400 
f 1772/1342/404 1762/1334/578 1767/1337/399 1773/1343/406 
f 1768/1338/400 1773/1343/406 1771/1341/403 1770/1340/402 
f 1773/1343/406 1767/1337/399 1769/1339/401 1771/1341/403 
s off
f 1774/1344/191 1775/1345/191 1776/1346/191 1777/1347/191 
f 1778/1270/189 1779/1270/189 1780/1271/189 1781/1271/189 
s 1
f 1782/1272/581 1778/1270/188 1781/1271/188 1783/1273/581 
f 1779/1270/190 1784/1274/582 1785/1322/582 1780/1271/190 
f 1784/1274/582 1782/1272/581 1783/1273/581 1785/1322/582 
s off
f 1779/1276/191 1778/1277/191 1782/1323/191 1784/1279/191 
f 1780/1276/192 1785/1279/192 1783/1323/192 1781/1277/192 
f 1786/1270/189 1787/1270/189 1788/1271/189 1789/1271/189 
s 1
f 1790/1272/581 1786/1270/188 1789/1271/188 1791/1273/581 
f 1787/1270/190 1792/1274/582 1793/1322/582 1788/1271/190 
f 1792/1274/582 1790/1272/581 1791/1273/581 1793/1322/582 
s off
f 1787/1276/191 1786/1277/191 1790/1323/191 1792/1279/191 
f 1788/1276/192 1793/1279/192 1791/1323/192 1789/1277/192 
f 1794/1270/189 1795/1270/189 1796/1271/189 1797/1271/189 
s 1
f 1798/1272/581 1794/1270/188 1797/1271/188 1799/1273/581 
f 1795/1270/190 1800/1274/582 1801/1322/582 1796/1271/190 
f 1800/1274/582 1798/1272/581 1799/1273/581 1801/1322/582 
s off
f 1795/1276/191 1794/1277/191 1798/1323/191 1800/1279/191 
f 1796/1276/192 1801/1279/192 1799/1323/192 1797/1277/192 
f 1802/1270/189 1803/1270/189 1804/1271/189 1805/1271/189 
s 1
f 1806/1272/581 1802/1270/188 1805/1271/188 1807/1273/581 
f 1803/1270/190 1808/1274/582 1809/1322/582 1804/1271/190 
f 1808/1274/582 1806/1272/581 1807/1273/581 1809/1322/582 
s off
f 1803/1276/191 1802/1277/191 1806/1323/191 1808/1279/191 
f 1804/1276/192 1809/1279/192 1807/1323/192 1805/1277/192 
f 1810/1270/189 1811/1270/189 1812/1271/189 1813/1271/189 
s 1
f 1814/1272/581 1810/1270/188 1813/1271/188 1815/1273/581 
f 1811/1270/190 1816/1281/582 1817/1275/582 1812/1271/190 
f 1816/1281/582 1814/1272/581 1815/1273/581 1817/1275/582 
s off
f 1811/1276/191 1810/1277/191 1814/1323/191 1816/1280/191 
f 1812/1276/192 1817/1280/192 1815/1323/192 1813/1277/192 
f 1818/1270/189 1819/1270/189 1820/1271/189 1821/1271/189 
s 1
f 1822/1272/581 1818/1270/188 1821/1271/188 1823/1273/581 
f 1819/1270/190 1824/1281/582 1825/1275/582 1820/1271/190 
f 1824/1281/582 1822/1272/581 1823/1273/581 1825/1275/582 
s off
f 1819/1276/191 1818/1277/191 1822/1323/191 1824/1280/191 
f 1820/1276/192 1825/1280/192 1823/1323/192 1821/1277/192 
f 1826/1270/189 1827/1270/189 1828/1282/189 1829/1271/189 
s 1
f 1830/1272/581 1826/1270/188 1829/1271/188 1831/1273/581 
f 1827/1270/190 1832/1281/582 1833/1275/582 1828/1282/190 
f 1832/1281/582 1830/1272/581 1831/1273/581 1833/1275/582 
s off
f 1827/1276/191 1826/1277/191 1830/1323/191 1832/1280/191 
f 1828/1276/192 1833/1280/192 1831/1323/192 1829/1277/192 
f 1834/1284/189 1835/1284/189 1836/1271/189 1837/1271/189 
s 1
f 1838/1285/321 1834/1284/192 1837/1271/192 1839/1273/321 
f 1835/1284/191 1840/1286/328 1841/1275/328 1836/1271/191 
f 1840/1286/328 1838/1285/321 1839/1273/321 1841/1275/328 
s off
f 1835/1276/188 1834/1277/188 1838/1323/188 1840/1280/188 
f 1836/1276/190 1841/1280/190 1839/1323/190 1837/1277/190 
f 1842/1284/189 1843/1284/189 1844/1271/189 1845/1271/189 
s 1
f 1846/1285/321 1842/1284/192 1845/1271/192 1847/1273/321 
f 1843/1284/191 1848/1286/328 1849/1275/328 1844/1271/191 
f 1848/1286/328 1846/1285/321 1847/1273/321 1849/1275/328 
s off
f 1843/1276/188 1842/1277/188 1846/1323/188 1848/1280/188 
f 1844/1276/190 1849/1280/190 1847/1323/190 1845/1277/190 
f 1850/1348/190 1851/1349/190 1852/1350/190 
f 1853/1351/190 1854/1352/190 1855/1353/190 
s 1
f 1852/1350/583 1851/1349/584 1856/1332/480 1857/1350/585 
f 1851/1349/584 1850/1348/586 1858/1354/587 1856/1332/480 
f 1857/1350/585 1856/1332/480 1859/1330/481 1860/1352/588 
f 1856/1332/480 1858/1354/587 1861/1354/475 1859/1330/481 
f 1854/1352/586 1853/1351/583 1861/1354/475 1860/1352/588 
f 1850/1348/586 1852/1350/583 1857/1350/585 1858/1354/587 
f 1858/1354/587 1857/1350/585 1860/1352/588 1861/1354/475 
f 1860/1352/588 1859/1330/481 1855/1353/192 1854/1352/586 
f 1859/1330/481 1861/1354/475 1853/1351/583 1855/1353/192 
f 1862/1355/589 1863/1356/1 1864/1341/590 1865/1357/591 
f 1864/1341/590 1866/1358/189 1865/1357/591 
f 1867/1355/475 1862/1355/589 1865/1357/591 1868/1359/476 
f 1869/1360/477 1867/1355/475 1868/1359/476 1870/1358/592 
f 1869/1360/477 1870/1358/592 1871/1335/479 
f 1866/1358/189 1864/1341/590 1872/1343/480 1865/1357/591 
f 1864/1341/321 1863/1356/1 1862/1355/321 
f 1862/1355/321 1872/1343/480 1864/1341/321 
f 1865/1357/591 1872/1343/480 1873/1342/481 1868/1359/476 
f 1872/1343/480 1862/1355/589 1867/1355/475 1873/1342/481 
f 1868/1359/476 1873/1342/481 1871/1335/479 1870/1358/592 
f 1873/1342/481 1867/1355/475 1869/1360/477 1871/1335/479 
s off
f 1874/1343/192 1875/1342/192 1876/1335/192 1877/1341/192 
f 1878/1361/188 1879/1362/188 1880/1363/188 1881/1364/188 
f 1882/1365/192 1878/1366/192 1881/1367/192 1883/1368/192 
f 1884/1362/190 1882/1361/190 1883/1364/190 1885/1363/190 
f 1879/1366/191 1884/1365/191 1885/1368/191 1880/1367/191 
f 1886/1369/190 1887/1370/190 1888/1371/190 1889/1372/190 
f 1890/1373/189 1891/1374/189 1887/1375/189 1886/1376/189 
f 1892/1372/188 1893/1371/188 1891/1370/188 1890/1369/188 
f 1889/1376/1 1888/1375/1 1893/1374/1 1892/1373/1 
f 1891/1341/192 1893/1335/192 1894/1377/192 1895/1378/192 
f 1891/1341/192 1895/1378/192 1896/1379/192 1897/1380/192 
f 1887/1343/192 1891/1341/192 1897/1380/192 1888/1342/192 
f 1888/1342/192 1897/1380/192 1894/1377/192 1893/1335/192 
f 1898/1335/191 1899/1341/191 1900/1380/191 1901/1379/191 
f 1898/1335/191 1901/1379/191 1902/1378/191 1903/1377/191 
f 1904/1342/191 1898/1335/191 1903/1377/191 1905/1343/191 
f 1905/1343/191 1903/1377/191 1900/1380/191 1899/1341/191 
f 1879/1297/189 1878/1302/189 1897/1381/189 1896/1382/189 
f 1879/1297/189 1896/1382/189 1901/1383/189 1900/1384/189 
f 1884/1303/189 1879/1297/189 1900/1384/189 1882/1304/189 
f 1882/1304/189 1900/1384/189 1897/1381/189 1878/1302/189 
f 1881/1302/1 1880/1297/1 1906/1385/1 1907/1386/1 
f 1881/1302/1 1907/1386/1 1908/1387/1 1909/1388/1 
f 1883/1304/1 1881/1302/1 1909/1388/1 1885/1303/1 
f 1885/1303/1 1909/1388/1 1906/1385/1 1880/1297/1 
f 1899/1389/189 1910/1390/189 1911/1391/189 1905/1392/189 
f 1905/1393/190 1911/1394/190 1912/1395/190 1904/1396/190 
f 1904/1392/1 1912/1391/1 1913/1390/1 1898/1389/1 
f 1898/1396/188 1913/1395/188 1910/1394/188 1899/1393/188 
f 1914/1302/1 1915/1297/1 1903/1384/1 1902/1383/1 
f 1914/1302/1 1902/1383/1 1895/1382/1 1894/1381/1 
f 1916/1304/1 1914/1302/1 1894/1381/1 1917/1303/1 
f 1917/1303/1 1894/1381/1 1903/1384/1 1915/1297/1 
f 1901/1397/190 1896/1398/190 1918/1399/190 1908/1400/190 
f 1901/1397/190 1908/1400/190 1907/1401/190 1919/1402/190 
f 1902/1403/190 1901/1397/190 1919/1402/190 1895/1404/190 
f 1895/1404/190 1919/1402/190 1918/1399/190 1896/1398/190 
f 1892/1335/191 1890/1341/191 1909/1405/191 1908/1406/191 
f 1892/1335/191 1908/1406/191 1918/1407/191 1920/1408/191 
f 1889/1342/191 1892/1335/191 1920/1408/191 1886/1343/191 
f 1886/1343/191 1920/1408/191 1909/1405/191 1890/1341/191 
f 1897/1398/188 1900/1397/188 1921/1402/188 1906/1401/188 
f 1897/1398/188 1906/1401/188 1909/1400/188 1920/1399/188 
f 1894/1404/188 1897/1398/188 1920/1399/188 1903/1403/188 
f 1903/1403/188 1920/1399/188 1921/1402/188 1900/1397/188 
f 1910/1341/192 1913/1335/192 1921/1408/192 1919/1407/192 
f 1910/1341/192 1919/1407/192 1907/1406/192 1906/1405/192 
f 1911/1343/192 1910/1341/192 1906/1405/192 1912/1342/192 
f 1912/1342/192 1906/1405/192 1921/1408/192 1913/1335/192 
f 1922/1409/191 1923/1410/191 1917/1411/191 1915/1412/191 
f 1923/1413/190 1924/1414/190 1916/1415/190 1917/1416/190 
f 1924/1410/192 1925/1409/192 1914/1412/192 1916/1411/192 
f 1925/1414/188 1922/1413/188 1915/1416/188 1914/1415/188 
f 1922/1297/189 1925/1302/189 1920/1388/189 1918/1387/189 
f 1922/1297/189 1918/1387/189 1919/1386/189 1921/1385/189 
f 1923/1303/189 1922/1297/189 1921/1385/189 1924/1304/189 
f 1924/1304/189 1921/1385/189 1920/1388/189 1925/1302/189 
f 1926/1417/188 1927/1418/188 1928/1419/188 1929/1420/188 
f 1930/1421/189 1931/1422/189 1932/1423/189 1933/1424/189 
f 1931/1425/191 1934/1426/191 1935/1427/191 1932/1428/191 
f 1934/1422/1 1936/1421/1 1937/1424/1 1935/1423/1 
f 1936/1426/192 1930/1425/192 1933/1428/192 1937/1427/192 
f 1934/1417/188 1931/1418/188 1930/1419/188 1936/1420/188 
f 1932/1418/190 1935/1417/190 1937/1420/190 1933/1419/190 
# 1702 polygons - 86 triangles

